date_time,maxtempC,mintempC,totalSnow_cm,sunHour,uvIndex,moon_illumination,moonrise,moonset,sunrise,sunset,DewPointC,FeelsLikeC,HeatIndexC,WindChillC,WindGustKmph,cloudcover,humidity,precipMM,pressure,tempC,visibility,winddirDegree,windspeedKmph,location
2008-12-11 00:00:00,0,0,0.0,8.7,3,93,03:38 PM,05:51 AM,06:50 AM,04:40 PM,-10,4,6,4,16,1,30,0.0,1023,6,10,351,8,california
2008-12-11 03:00:00,0,0,0.0,8.7,3,93,03:38 PM,05:51 AM,06:50 AM,04:40 PM,-9,4,6,4,17,13,34,0.0,1022,6,10,273,8,california
2008-12-11 06:00:00,0,0,0.0,8.7,3,93,03:38 PM,05:51 AM,06:50 AM,04:40 PM,-10,4,5,4,16,27,32,0.0,1022,5,10,16,8,california
2008-12-11 09:00:00,0,0,0.0,8.7,3,93,03:38 PM,05:51 AM,06:50 AM,04:40 PM,-10,15,15,15,2,21,17,0.0,1022,15,10,103,1,california
2008-12-11 12:00:00,0,0,0.0,8.7,3,93,03:38 PM,05:51 AM,06:50 AM,04:40 PM,-11,19,19,19,10,53,12,0.0,1018,19,10,74,9,california
2008-12-11 15:00:00,0,0,0.0,8.7,3,93,03:38 PM,05:51 AM,06:50 AM,04:40 PM,-9,13,12,13,8,32,21,0.0,1017,12,10,124,4,california
2008-12-11 18:00:00,0,0,0.0,8.7,3,93,03:38 PM,05:51 AM,06:50 AM,04:40 PM,-10,7,7,7,5,66,29,0.0,1017,7,10,78,2,california
2008-12-11 21:00:00,0,0,0.0,8.7,3,93,03:38 PM,05:51 AM,06:50 AM,04:40 PM,-10,6,6,6,11,79,30,0.0,1016,6,10,263,5,california
2008-12-12 00:00:00,0,0,0.0,8.7,2,100,04:43 PM,07:04 AM,06:51 AM,04:41 PM,-10,6,8,6,17,100,27,0.0,1015,8,10,296,8,california
2008-12-12 03:00:00,0,0,0.0,8.7,2,100,04:43 PM,07:04 AM,06:51 AM,04:41 PM,-10,7,8,7,11,45,28,0.0,1013,8,10,317,5,california
2008-12-12 06:00:00,0,0,0.0,8.7,2,100,04:43 PM,07:04 AM,06:51 AM,04:41 PM,-10,8,9,8,14,45,25,0.0,1013,9,10,275,6,california
2008-12-12 09:00:00,0,0,0.0,8.7,2,100,04:43 PM,07:04 AM,06:51 AM,04:41 PM,-8,15,15,15,10,0,20,0.0,1013,15,10,236,9,california
2008-12-12 12:00:00,0,0,0.0,8.7,2,100,04:43 PM,07:04 AM,06:51 AM,04:41 PM,-9,19,19,19,12,0,14,0.0,1010,19,10,249,10,california
2008-12-12 15:00:00,0,0,0.0,8.7,2,100,04:43 PM,07:04 AM,06:51 AM,04:41 PM,-6,15,15,15,16,0,23,0.0,1009,15,10,274,9,california
2008-12-12 18:00:00,0,0,0.0,8.7,2,100,04:43 PM,07:04 AM,06:51 AM,04:41 PM,-4,8,10,8,25,22,37,0.0,1010,10,10,259,14,california
2008-12-12 21:00:00,0,0,0.0,8.7,2,100,04:43 PM,07:04 AM,06:51 AM,04:41 PM,-4,6,8,6,21,4,42,0.0,1009,8,10,270,11,california
2008-12-13 00:00:00,0,0,0.0,7.0,3,100,05:56 PM,08:08 AM,06:52 AM,04:41 PM,-4,4,8,4,30,0,42,0.0,1009,8,10,251,18,california
2008-12-13 03:00:00,0,0,0.0,7.0,3,100,05:56 PM,08:08 AM,06:52 AM,04:41 PM,-1,3,7,3,48,6,56,0.0,1008,7,10,256,28,california
2008-12-13 06:00:00,0,0,0.0,7.0,3,100,05:56 PM,08:08 AM,06:52 AM,04:41 PM,-0,2,6,2,28,13,66,0.0,1007,6,10,248,19,california
2008-12-13 09:00:00,0,0,0.0,7.0,3,100,05:56 PM,08:08 AM,06:52 AM,04:41 PM,2,3,7,3,31,52,68,0.0,1007,7,10,266,24,california
2008-12-13 12:00:00,0,0,0.0,7.0,3,100,05:56 PM,08:08 AM,06:52 AM,04:41 PM,1,2,6,2,28,68,72,0.1,1006,6,10,267,22,california
2008-12-13 15:00:00,0,0,0.0,7.0,3,100,05:56 PM,08:08 AM,06:52 AM,04:41 PM,-3,-1,4,-1,37,24,61,0.0,1006,4,10,281,29,california
2008-12-13 18:00:00,0,0,0.0,7.0,3,100,05:56 PM,08:08 AM,06:52 AM,04:41 PM,-5,-2,2,-2,23,14,61,0.0,1010,2,10,280,16,california
2008-12-13 21:00:00,0,0,0.0,7.0,3,100,05:56 PM,08:08 AM,06:52 AM,04:41 PM,-6,-4,-0,-4,20,8,64,0.0,1011,-0,10,270,13,california
2008-12-14 00:00:00,0,0,0.0,8.7,2,85,07:13 PM,09:02 AM,06:53 AM,04:41 PM,-7,-6,-2,-6,21,2,65,0.0,1014,-2,10,276,13,california
2008-12-14 03:00:00,0,0,0.0,8.7,2,85,07:13 PM,09:02 AM,06:53 AM,04:41 PM,-8,-7,-3,-7,23,4,66,0.0,1014,-3,10,282,13,california
2008-12-14 06:00:00,0,0,0.0,8.7,2,85,07:13 PM,09:02 AM,06:53 AM,04:41 PM,-9,-7,-3,-7,20,5,63,0.0,1016,-3,10,282,11,california
2008-12-14 09:00:00,0,0,0.0,8.7,2,85,07:13 PM,09:02 AM,06:53 AM,04:41 PM,-9,-0,3,-0,15,4,41,0.0,1017,3,10,278,13,california
2008-12-14 12:00:00,0,0,0.0,8.7,2,85,07:13 PM,09:02 AM,06:53 AM,04:41 PM,-12,4,6,4,15,8,26,0.0,1015,6,10,255,13,california
2008-12-14 15:00:00,0,0,0.0,8.7,2,85,07:13 PM,09:02 AM,06:53 AM,04:41 PM,-10,2,5,2,15,8,32,0.0,1014,5,10,262,10,california
2008-12-14 18:00:00,0,0,0.0,8.7,2,85,07:13 PM,09:02 AM,06:53 AM,04:41 PM,-8,-1,1,-1,17,8,48,0.0,1016,1,10,229,9,california
2008-12-14 21:00:00,0,0,0.0,8.7,2,85,07:13 PM,09:02 AM,06:53 AM,04:41 PM,-2,-1,2,-1,15,50,76,0.0,1015,1,10,221,9,california
2008-12-15 00:00:00,0,0,0.0,3.7,1,78,08:26 PM,09:46 AM,06:53 AM,04:41 PM,0,-2,2,-2,20,58,87,1.2,1014,2,9,178,13,california
2008-12-15 03:00:00,0,0,0.0,3.7,1,78,08:26 PM,09:46 AM,06:53 AM,04:41 PM,0,-3,1,-3,21,100,97,0.0,1012,1,10,218,13,california
2008-12-15 06:00:00,0,0,0.0,3.7,1,78,08:26 PM,09:46 AM,06:53 AM,04:41 PM,0,-2,0,-2,12,100,100,9.2,1011,0,6,211,6,california
2008-12-15 09:00:00,0,0,0.0,3.7,1,78,08:26 PM,09:46 AM,06:53 AM,04:41 PM,0,-0,0,-0,6,100,100,0.0,1013,0,0,233,3,california
2008-12-15 12:00:00,0,0,0.0,3.7,1,78,08:26 PM,09:46 AM,06:53 AM,04:41 PM,1,-1,1,-1,15,100,100,0.6,1011,1,2,233,8,california
2008-12-15 15:00:00,0,0,0.0,3.7,1,78,08:26 PM,09:46 AM,06:53 AM,04:41 PM,3,-2,3,-2,37,100,100,0.0,1010,3,10,266,21,california
2008-12-15 18:00:00,0,0,0.0,3.7,1,78,08:26 PM,09:46 AM,06:53 AM,04:41 PM,2,0,4,0,20,80,91,1.1,1012,4,10,243,14,california
2008-12-15 21:00:00,0,0,0.0,3.7,1,78,08:26 PM,09:46 AM,06:53 AM,04:41 PM,2,-1,3,-1,30,38,90,0.0,1014,3,10,267,20,california
2008-12-16 00:00:00,0,0,0.0,8.7,1,71,09:37 PM,10:21 AM,06:54 AM,04:42 PM,0,-1,2,-1,14,43,92,0.2,1014,2,9,255,9,california
2008-12-16 03:00:00,0,0,0.0,8.7,1,71,09:37 PM,10:21 AM,06:54 AM,04:42 PM,0,-3,2,-3,25,38,92,0.0,1014,2,10,264,17,california
2008-12-16 06:00:00,0,0,0.0,8.7,1,71,09:37 PM,10:21 AM,06:54 AM,04:42 PM,-1,-2,0,-2,12,39,93,0.0,1016,0,10,256,8,california
2008-12-16 09:00:00,0,0,0.0,8.7,1,71,09:37 PM,10:21 AM,06:54 AM,04:42 PM,-1,2,4,2,8,18,72,0.0,1016,4,10,287,7,california
2008-12-16 12:00:00,0,0,0.0,8.7,1,71,09:37 PM,10:21 AM,06:54 AM,04:42 PM,-1,4,6,4,11,28,61,0.0,1015,6,10,236,9,california
2008-12-16 15:00:00,0,0,0.0,8.7,1,71,09:37 PM,10:21 AM,06:54 AM,04:42 PM,-0,4,4,4,3,26,74,0.0,1014,4,10,316,2,california
2008-12-16 18:00:00,0,0,0.0,8.7,1,71,09:37 PM,10:21 AM,06:54 AM,04:42 PM,-1,0,2,0,9,21,81,0.1,1015,2,10,111,4,california
2008-12-16 21:00:00,0,0,0.0,8.7,1,71,09:37 PM,10:21 AM,06:54 AM,04:42 PM,-0,0,3,0,18,45,79,0.0,1015,3,10,68,10,california
2008-12-17 00:00:00,0,0,6.0,3.7,1,64,10:43 PM,10:52 AM,06:54 AM,04:42 PM,-2,-1,2,-1,18,52,78,0.6,1015,2,9,57,11,california
2008-12-17 03:00:00,0,0,6.0,3.7,1,64,10:43 PM,10:52 AM,06:54 AM,04:42 PM,-1,-3,2,-3,35,75,83,0.0,1015,2,10,60,23,california
2008-12-17 06:00:00,0,0,6.0,3.7,1,64,10:43 PM,10:52 AM,06:54 AM,04:42 PM,-2,-5,-0,-5,23,68,90,1.7,1015,-0,5,31,15,california
2008-12-17 09:00:00,0,0,6.0,3.7,1,64,10:43 PM,10:52 AM,06:54 AM,04:42 PM,-0,-5,1,-5,32,94,96,0.0,1015,0,10,42,21,california
2008-12-17 12:00:00,0,0,6.0,3.7,1,64,10:43 PM,10:52 AM,06:54 AM,04:42 PM,-1,-5,-0,-5,26,95,95,2.0,1012,-0,2,48,18,california
2008-12-17 15:00:00,0,0,6.0,3.7,1,64,10:43 PM,10:52 AM,06:54 AM,04:42 PM,-2,-6,-1,-6,32,83,92,0.0,1011,-0,10,26,23,california
2008-12-17 18:00:00,0,0,6.0,3.7,1,64,10:43 PM,10:52 AM,06:54 AM,04:42 PM,-2,-6,-1,-6,21,100,95,3.3,1011,-1,2,358,14,california
2008-12-17 21:00:00,0,0,6.0,3.7,1,64,10:43 PM,10:52 AM,06:54 AM,04:42 PM,-0,-3,-0,-3,13,87,99,0.0,1012,-0,0,321,8,california
2008-12-18 00:00:00,0,0,0.3,8.7,1,56,11:46 PM,11:20 AM,06:55 AM,04:43 PM,-0,-3,-0,-3,13,63,98,0.4,1014,-0,5,264,8,california
2008-12-18 03:00:00,0,0,0.3,8.7,1,56,11:46 PM,11:20 AM,06:55 AM,04:43 PM,-1,-4,-1,-4,14,49,98,0.0,1016,-1,0,280,9,california
2008-12-18 06:00:00,0,0,0.3,8.7,1,56,11:46 PM,11:20 AM,06:55 AM,04:43 PM,-4,-7,-3,-7,22,19,96,0.0,1019,-3,2,271,12,california
2008-12-18 09:00:00,0,0,0.3,8.7,1,56,11:46 PM,11:20 AM,06:55 AM,04:43 PM,-0,-2,0,-2,8,14,95,0.0,1022,0,2,297,6,california
2008-12-18 12:00:00,0,0,0.3,8.7,1,56,11:46 PM,11:20 AM,06:55 AM,04:43 PM,2,0,3,0,14,8,90,0.0,1022,3,10,248,11,california
2008-12-18 15:00:00,0,0,0.3,8.7,1,56,11:46 PM,11:20 AM,06:55 AM,04:43 PM,1,-1,2,-1,21,5,94,0.0,1022,2,10,248,12,california
2008-12-18 18:00:00,0,0,0.3,8.7,1,56,11:46 PM,11:20 AM,06:55 AM,04:43 PM,-2,-4,-1,-4,15,19,95,0.0,1025,-1,2,264,7,california
2008-12-18 21:00:00,0,0,0.3,8.7,1,56,11:46 PM,11:20 AM,06:55 AM,04:43 PM,-2,-5,-1,-5,24,7,92,0.0,1026,-1,10,285,12,california
2008-12-19 00:00:00,0,0,0.0,8.7,2,49,No moonrise,11:47 AM,06:56 AM,04:43 PM,-3,-7,-2,-7,28,6,91,0.0,1026,-2,10,279,14,california
2008-12-19 03:00:00,0,0,0.0,8.7,2,49,No moonrise,11:47 AM,06:56 AM,04:43 PM,-4,-8,-3,-8,26,5,91,0.0,1026,-3,10,270,13,california
2008-12-19 06:00:00,0,0,0.0,8.7,2,49,No moonrise,11:47 AM,06:56 AM,04:43 PM,-5,-8,-4,-8,26,2,89,0.0,1027,-4,10,280,13,california
2008-12-19 09:00:00,0,0,0.0,8.7,2,49,No moonrise,11:47 AM,06:56 AM,04:43 PM,-1,-2,2,-2,17,0,81,0.0,1027,1,10,276,14,california
2008-12-19 12:00:00,0,0,0.0,8.7,2,49,No moonrise,11:47 AM,06:56 AM,04:43 PM,0,1,4,1,19,1,74,0.0,1024,4,10,272,15,california
2008-12-19 15:00:00,0,0,0.0,8.7,2,49,No moonrise,11:47 AM,06:56 AM,04:43 PM,0,-2,3,-2,37,0,84,0.0,1023,3,10,273,22,california
2008-12-19 18:00:00,0,0,0.0,8.7,2,49,No moonrise,11:47 AM,06:56 AM,04:43 PM,-2,-5,-1,-5,23,6,90,0.0,1026,-0,10,285,13,california
2008-12-19 21:00:00,0,0,0.0,8.7,2,49,No moonrise,11:47 AM,06:56 AM,04:43 PM,-2,-5,0,-5,37,0,89,0.0,1026,0,10,294,19,california
2008-12-20 00:00:00,0,0,0.0,8.7,2,42,12:47 AM,12:13 PM,06:56 AM,04:43 PM,-3,-6,-2,-6,23,5,90,0.0,1026,-2,10,293,11,california
2008-12-20 03:00:00,0,0,0.0,8.7,2,42,12:47 AM,12:13 PM,06:56 AM,04:43 PM,-2,-4,-2,-4,15,5,94,0.0,1025,-2,2,261,7,california
2008-12-20 06:00:00,0,0,0.0,8.7,2,42,12:47 AM,12:13 PM,06:56 AM,04:43 PM,-3,-5,-2,-5,16,8,93,0.0,1026,-2,10,323,8,california
2008-12-20 09:00:00,0,0,0.0,8.7,2,42,12:47 AM,12:13 PM,06:56 AM,04:43 PM,1,4,4,4,4,0,81,0.0,1026,4,10,96,4,california
2008-12-20 12:00:00,0,0,0.0,8.7,2,42,12:47 AM,12:13 PM,06:56 AM,04:43 PM,2,6,7,6,7,0,74,0.0,1023,7,10,6,6,california
2008-12-20 15:00:00,0,0,0.0,8.7,2,42,12:47 AM,12:13 PM,06:56 AM,04:43 PM,3,3,4,3,7,5,92,0.0,1023,4,10,294,4,california
2008-12-20 18:00:00,0,0,0.0,8.7,2,42,12:47 AM,12:13 PM,06:56 AM,04:43 PM,0,-0,1,-0,9,21,96,0.0,1024,1,2,6,4,california
2008-12-20 21:00:00,0,0,0.0,8.7,2,42,12:47 AM,12:13 PM,06:56 AM,04:43 PM,-0,-1,0,-1,8,18,97,0.0,1024,0,2,318,4,california
2008-12-21 00:00:00,0,0,0.0,8.7,1,35,01:48 AM,12:41 PM,06:57 AM,04:44 PM,0,-1,1,-1,14,50,94,0.0,1024,1,2,349,6,california
2008-12-21 03:00:00,0,0,0.0,8.7,1,35,01:48 AM,12:41 PM,06:57 AM,04:44 PM,2,-0,3,-0,26,17,93,0.0,1023,3,10,281,12,california
2008-12-21 06:00:00,0,0,0.0,8.7,1,35,01:48 AM,12:41 PM,06:57 AM,04:44 PM,0,-1,1,-1,13,11,93,0.0,1022,1,10,355,6,california
2008-12-21 09:00:00,0,0,0.0,8.7,1,35,01:48 AM,12:41 PM,06:57 AM,04:44 PM,3,8,7,8,4,7,73,0.0,1022,7,10,26,3,california
2008-12-21 12:00:00,0,0,0.0,8.7,1,35,01:48 AM,12:41 PM,06:57 AM,04:44 PM,3,10,10,10,4,8,63,0.0,1018,10,10,260,4,california
2008-12-21 15:00:00,0,0,0.0,8.7,1,35,01:48 AM,12:41 PM,06:57 AM,04:44 PM,4,6,7,6,10,28,79,0.0,1017,7,10,245,5,california
2008-12-21 18:00:00,0,0,0.0,8.7,1,35,01:48 AM,12:41 PM,06:57 AM,04:44 PM,3,2,5,2,20,34,86,0.0,1017,5,10,278,10,california
2008-12-21 21:00:00,0,0,0.0,8.7,1,35,01:48 AM,12:41 PM,06:57 AM,04:44 PM,2,1,4,1,28,20,84,0.0,1015,4,10,284,14,california
2008-12-22 00:00:00,0,0,0.0,7.0,2,27,02:47 AM,01:12 PM,06:57 AM,04:45 PM,1,0,4,0,29,29,82,0.0,1014,4,10,250,16,california
2008-12-22 03:00:00,0,0,0.0,7.0,2,27,02:47 AM,01:12 PM,06:57 AM,04:45 PM,3,1,5,1,36,62,89,0.0,1010,5,10,257,21,california
2008-12-22 06:00:00,0,0,0.0,7.0,2,27,02:47 AM,01:12 PM,06:57 AM,04:45 PM,4,2,5,2,26,79,93,0.9,1009,5,9,236,16,california
2008-12-22 09:00:00,0,0,0.0,7.0,2,27,02:47 AM,01:12 PM,06:57 AM,04:45 PM,4,3,6,3,15,77,89,0.0,1009,6,10,279,11,california
2008-12-22 12:00:00,0,0,0.0,7.0,2,27,02:47 AM,01:12 PM,06:57 AM,04:45 PM,3,2,6,2,22,47,84,0.2,1008,6,5,265,16,california
2008-12-22 15:00:00,0,0,0.0,7.0,2,27,02:47 AM,01:12 PM,06:57 AM,04:45 PM,2,-0,5,-0,37,24,84,0.0,1008,5,10,267,26,california
2008-12-22 18:00:00,0,0,0.0,7.0,2,27,02:47 AM,01:12 PM,06:57 AM,04:45 PM,-0,-2,2,-2,22,4,84,0.0,1010,2,10,274,15,california
2008-12-22 21:00:00,0,0,0.0,7.0,2,27,02:47 AM,01:12 PM,06:57 AM,04:45 PM,-2,-5,0,-5,27,5,84,0.0,1012,0,10,296,17,california
2008-12-23 00:00:00,0,0,0.0,8.7,2,20,03:47 AM,01:47 PM,06:58 AM,04:45 PM,-3,-6,-1,-6,23,7,86,0.0,1013,-1,10,274,14,california
2008-12-23 03:00:00,0,0,0.0,8.7,2,20,03:47 AM,01:47 PM,06:58 AM,04:45 PM,-3,-6,-1,-6,24,25,91,0.0,1013,-1,10,265,15,california
2008-12-23 06:00:00,0,0,0.0,8.7,2,20,03:47 AM,01:47 PM,06:58 AM,04:45 PM,-3,-7,-2,-7,24,22,90,0.0,1014,-2,10,271,15,california
2008-12-23 09:00:00,0,0,0.0,8.7,2,20,03:47 AM,01:47 PM,06:58 AM,04:45 PM,-2,-1,2,-1,15,12,72,0.0,1014,2,10,265,13,california
2008-12-23 12:00:00,0,0,0.0,8.7,2,20,03:47 AM,01:47 PM,06:58 AM,04:45 PM,-1,3,5,3,14,16,62,0.0,1013,5,10,264,12,california
2008-12-23 15:00:00,0,0,0.0,8.7,2,20,03:47 AM,01:47 PM,06:58 AM,04:45 PM,-0,1,4,1,16,23,75,0.0,1013,4,10,282,10,california
2008-12-23 18:00:00,0,0,0.0,8.7,2,20,03:47 AM,01:47 PM,06:58 AM,04:45 PM,-1,-1,1,-1,12,25,88,0.0,1016,1,10,265,6,california
2008-12-23 21:00:00,0,0,0.0,8.7,2,20,03:47 AM,01:47 PM,06:58 AM,04:45 PM,-1,-0,-0,-0,6,44,95,0.0,1016,-0,2,59,3,california
2008-12-24 00:00:00,0,0,0.0,7.0,1,13,04:46 AM,02:27 PM,06:58 AM,04:46 PM,-1,-2,-0,-2,11,25,97,0.0,1017,-0,0,192,5,california
2008-12-24 03:00:00,0,0,0.0,7.0,1,13,04:46 AM,02:27 PM,06:58 AM,04:46 PM,1,0,1,0,7,100,98,0.0,1017,1,0,252,4,california
2008-12-24 06:00:00,0,0,0.0,7.0,1,13,04:46 AM,02:27 PM,06:58 AM,04:46 PM,1,-0,1,-0,9,100,99,0.0,1018,1,0,161,5,california
2008-12-24 09:00:00,0,0,0.0,7.0,1,13,04:46 AM,02:27 PM,06:58 AM,04:46 PM,2,2,4,2,10,61,87,0.0,1018,4,10,81,8,california
2008-12-24 12:00:00,0,0,0.0,7.0,1,13,04:46 AM,02:27 PM,06:58 AM,04:46 PM,2,5,6,5,7,35,73,0.0,1015,6,10,140,6,california
2008-12-24 15:00:00,0,0,0.0,7.0,1,13,04:46 AM,02:27 PM,06:58 AM,04:46 PM,2,4,5,4,9,40,81,0.0,1015,5,10,113,6,california
2008-12-24 18:00:00,0,0,0.0,7.0,1,13,04:46 AM,02:27 PM,06:58 AM,04:46 PM,2,2,4,2,10,41,87,0.2,1016,4,5,158,6,california
2008-12-24 21:00:00,0,0,0.0,7.0,1,13,04:46 AM,02:27 PM,06:58 AM,04:46 PM,2,1,4,1,15,49,92,0.0,1014,4,10,126,10,california
2008-12-25 00:00:00,0,0,0.0,5.4,1,5,05:42 AM,03:14 PM,06:58 AM,04:46 PM,2,2,3,2,9,75,94,0.2,1012,3,2,197,6,california
2008-12-25 03:00:00,0,0,0.0,5.4,1,5,05:42 AM,03:14 PM,06:58 AM,04:46 PM,3,1,3,1,12,89,96,0.0,1011,3,2,265,8,california
2008-12-25 06:00:00,0,0,0.0,5.4,1,5,05:42 AM,03:14 PM,06:58 AM,04:46 PM,3,1,4,1,16,91,94,0.5,1008,4,2,212,11,california
2008-12-25 09:00:00,0,0,0.0,5.4,1,5,05:42 AM,03:14 PM,06:58 AM,04:46 PM,4,1,5,1,32,97,94,0.0,1007,5,10,239,21,california
2008-12-25 12:00:00,0,0,0.0,5.4,1,5,05:42 AM,03:14 PM,06:58 AM,04:46 PM,5,2,7,2,39,87,91,3.4,1005,7,7,228,26,california
2008-12-25 15:00:00,0,0,0.0,5.4,1,5,05:42 AM,03:14 PM,06:58 AM,04:46 PM,2,-1,4,-1,46,43,86,0.0,1006,4,10,269,32,california
2008-12-25 18:00:00,0,0,0.0,5.4,1,5,05:42 AM,03:14 PM,06:58 AM,04:46 PM,-2,-4,1,-4,27,46,81,0.0,1011,1,10,265,19,california
2008-12-25 21:00:00,0,0,0.0,5.4,1,5,05:42 AM,03:14 PM,06:58 AM,04:46 PM,-2,-4,0,-4,18,35,85,0.0,1014,0,10,258,12,california
2008-12-26 00:00:00,0,0,0.0,8.7,2,0,06:34 AM,04:05 PM,06:59 AM,04:47 PM,-2,-5,-0,-5,24,21,85,0.0,1015,-0,10,256,16,california
2008-12-26 03:00:00,0,0,0.0,8.7,2,0,06:34 AM,04:05 PM,06:59 AM,04:47 PM,-2,-6,-1,-6,30,16,87,0.0,1016,-1,10,278,19,california
2008-12-26 06:00:00,0,0,0.0,8.7,2,0,06:34 AM,04:05 PM,06:59 AM,04:47 PM,-4,-7,-2,-7,25,2,83,0.0,1019,-2,10,285,17,california
2008-12-26 09:00:00,0,0,0.0,8.7,2,0,06:34 AM,04:05 PM,06:59 AM,04:47 PM,-4,-2,1,-2,13,6,66,0.0,1022,1,10,319,11,california
2008-12-26 12:00:00,0,0,0.0,8.7,2,0,06:34 AM,04:05 PM,06:59 AM,04:47 PM,-4,2,4,2,8,9,55,0.0,1021,4,10,307,7,california
2008-12-26 15:00:00,0,0,0.0,8.7,2,0,06:34 AM,04:05 PM,06:59 AM,04:47 PM,-4,-2,2,-2,18,5,67,0.0,1022,2,10,329,12,california
2008-12-26 18:00:00,0,0,0.0,8.7,2,0,06:34 AM,04:05 PM,06:59 AM,04:47 PM,-4,-4,-1,-4,15,5,83,0.0,1025,-1,10,296,8,california
2008-12-26 21:00:00,0,0,0.0,8.7,2,0,06:34 AM,04:05 PM,06:59 AM,04:47 PM,-3,-5,-1,-5,18,11,87,0.0,1027,-1,10,327,9,california
2008-12-27 00:00:00,0,0,0.0,8.7,2,0,07:21 AM,05:01 PM,06:59 AM,04:48 PM,-5,-4,-2,-4,12,8,82,0.0,1028,-2,10,360,6,california
2008-12-27 03:00:00,0,0,0.0,8.7,2,0,07:21 AM,05:01 PM,06:59 AM,04:48 PM,-7,-3,-3,-3,5,1,77,0.0,1028,-3,10,9,3,california
2008-12-27 06:00:00,0,0,0.0,8.7,2,0,07:21 AM,05:01 PM,06:59 AM,04:48 PM,-8,-5,-3,-5,11,5,65,0.0,1030,-3,10,42,5,california
2008-12-27 09:00:00,0,0,0.0,8.7,2,0,07:21 AM,05:01 PM,06:59 AM,04:48 PM,-8,4,4,4,3,3,40,0.0,1030,4,10,19,3,california
2008-12-27 12:00:00,0,0,0.0,8.7,2,0,07:21 AM,05:01 PM,06:59 AM,04:48 PM,-6,7,7,7,0,38,41,0.0,1027,7,10,50,0,california
2008-12-27 15:00:00,0,0,0.0,8.7,2,0,07:21 AM,05:01 PM,06:59 AM,04:48 PM,-2,2,3,2,10,4,67,0.0,1027,3,10,145,5,california
2008-12-27 18:00:00,0,0,0.0,8.7,2,0,07:21 AM,05:01 PM,06:59 AM,04:48 PM,-5,-2,-0,-2,11,37,68,0.0,1029,-0,10,57,5,california
2008-12-27 21:00:00,0,0,0.0,8.7,2,0,07:21 AM,05:01 PM,06:59 AM,04:48 PM,-6,-3,-1,-3,8,16,70,0.0,1029,-1,10,360,4,california
2008-12-28 00:00:00,0,0,0.0,8.7,2,2,08:01 AM,05:59 PM,06:59 AM,04:48 PM,-6,-3,-1,-3,11,3,72,0.0,1029,-1,10,16,5,california
2008-12-28 03:00:00,0,0,0.0,8.7,2,2,08:01 AM,05:59 PM,06:59 AM,04:48 PM,-5,-3,-1,-3,10,2,78,0.0,1028,-1,10,276,5,california
2008-12-28 06:00:00,0,0,0.0,8.7,2,2,08:01 AM,05:59 PM,06:59 AM,04:48 PM,-4,-3,-1,-3,13,0,77,0.0,1029,-1,10,0,6,california
2008-12-28 09:00:00,0,0,0.0,8.7,2,2,08:01 AM,05:59 PM,06:59 AM,04:48 PM,-2,5,6,5,9,0,54,0.0,1029,6,10,97,7,california
2008-12-28 12:00:00,0,0,0.0,8.7,2,2,08:01 AM,05:59 PM,06:59 AM,04:48 PM,-1,9,10,9,8,0,46,0.0,1026,10,10,66,7,california
2008-12-28 15:00:00,0,0,0.0,8.7,2,2,08:01 AM,05:59 PM,06:59 AM,04:48 PM,-1,5,5,5,8,0,64,0.0,1025,5,10,120,4,california
2008-12-28 18:00:00,0,0,0.0,8.7,2,2,08:01 AM,05:59 PM,06:59 AM,04:48 PM,-3,1,2,1,14,0,70,0.0,1026,2,10,40,6,california
2008-12-28 21:00:00,0,0,0.0,8.7,2,2,08:01 AM,05:59 PM,06:59 AM,04:48 PM,-2,1,1,1,6,2,86,0.0,1025,1,10,356,3,california
2008-12-29 00:00:00,0,0,0.0,8.7,2,9,08:37 AM,06:59 PM,07:00 AM,04:49 PM,-2,-1,2,-1,17,0,76,0.0,1024,2,10,19,8,california
2008-12-29 03:00:00,0,0,0.0,8.7,2,9,08:37 AM,06:59 PM,07:00 AM,04:49 PM,-2,-1,1,-1,17,0,79,0.0,1025,1,10,316,8,california
2008-12-29 06:00:00,0,0,0.0,8.7,2,9,08:37 AM,06:59 PM,07:00 AM,04:49 PM,-2,-1,1,-1,13,2,84,0.0,1025,1,10,348,6,california
2008-12-29 09:00:00,0,0,0.0,8.7,2,9,08:37 AM,06:59 PM,07:00 AM,04:49 PM,2,9,9,9,8,3,61,0.0,1025,9,10,91,5,california
2008-12-29 12:00:00,0,0,0.0,8.7,2,9,08:37 AM,06:59 PM,07:00 AM,04:49 PM,2,13,13,13,6,2,47,0.0,1021,13,10,39,5,california
2008-12-29 15:00:00,0,0,0.0,8.7,2,9,08:37 AM,06:59 PM,07:00 AM,04:49 PM,4,9,9,9,8,0,72,0.0,1021,9,10,134,4,california
2008-12-29 18:00:00,0,0,0.0,8.7,2,9,08:37 AM,06:59 PM,07:00 AM,04:49 PM,2,4,6,4,14,0,79,0.0,1022,6,10,359,7,california
2008-12-29 21:00:00,0,0,0.0,8.7,2,9,08:37 AM,06:59 PM,07:00 AM,04:49 PM,3,4,4,4,8,0,93,0.0,1021,4,10,304,4,california
2008-12-30 00:00:00,0,0,0.0,8.7,2,16,09:08 AM,07:58 PM,07:00 AM,04:50 PM,2,3,5,3,17,2,85,0.0,1021,5,10,357,8,california
2008-12-30 03:00:00,0,0,0.0,8.7,2,16,09:08 AM,07:58 PM,07:00 AM,04:50 PM,2,2,5,2,18,8,86,0.0,1021,5,10,289,9,california
2008-12-30 06:00:00,0,0,0.0,8.7,2,16,09:08 AM,07:58 PM,07:00 AM,04:50 PM,2,2,4,2,15,4,88,0.0,1022,3,10,359,7,california
2008-12-30 09:00:00,0,0,0.0,8.7,2,16,09:08 AM,07:58 PM,07:00 AM,04:50 PM,3,9,10,9,12,0,62,0.0,1022,10,10,69,9,california
2008-12-30 12:00:00,0,0,0.0,8.7,2,16,09:08 AM,07:58 PM,07:00 AM,04:50 PM,2,14,14,14,9,0,43,0.0,1019,14,10,59,8,california
2008-12-30 15:00:00,0,0,0.0,8.7,2,16,09:08 AM,07:58 PM,07:00 AM,04:50 PM,3,11,10,11,7,4,62,0.0,1019,10,10,168,3,california
2008-12-30 18:00:00,0,0,0.0,8.7,2,16,09:08 AM,07:58 PM,07:00 AM,04:50 PM,2,5,6,5,10,5,74,0.0,1019,6,10,14,5,california
2008-12-30 21:00:00,0,0,0.0,8.7,2,16,09:08 AM,07:58 PM,07:00 AM,04:50 PM,2,4,4,4,5,7,87,0.0,1020,4,10,330,2,california
2008-12-31 00:00:00,0,0,0.0,8.7,2,20,09:36 AM,08:56 PM,07:00 AM,04:50 PM,0,3,5,3,15,5,73,0.0,1020,5,10,317,7,california
2008-12-31 03:00:00,0,0,0.0,8.7,2,20,09:36 AM,08:56 PM,07:00 AM,04:50 PM,1,2,5,2,24,6,75,0.0,1020,5,10,282,12,california
2008-12-31 06:00:00,0,0,0.0,8.7,2,20,09:36 AM,08:56 PM,07:00 AM,04:50 PM,-1,1,3,1,17,13,75,0.0,1022,3,10,318,8,california
2008-12-31 09:00:00,0,0,0.0,8.7,2,20,09:36 AM,08:56 PM,07:00 AM,04:50 PM,-0,9,9,9,6,13,51,0.0,1022,9,10,61,5,california
2008-12-31 12:00:00,0,0,0.0,8.7,2,20,09:36 AM,08:56 PM,07:00 AM,04:50 PM,-1,14,14,14,6,5,36,0.0,1019,14,10,19,5,california
2008-12-31 15:00:00,0,0,0.0,8.7,2,20,09:36 AM,08:56 PM,07:00 AM,04:50 PM,-0,10,10,10,4,0,50,0.0,1018,10,10,198,2,california
2008-12-31 18:00:00,0,0,0.0,8.7,2,20,09:36 AM,08:56 PM,07:00 AM,04:50 PM,-0,5,6,5,17,0,62,0.0,1019,6,10,308,8,california
2008-12-31 21:00:00,0,0,0.0,8.7,2,20,09:36 AM,08:56 PM,07:00 AM,04:50 PM,2,3,3,3,4,0,92,0.0,1021,3,10,207,2,california
2009-01-01 00:00:00,15,1,0.0,8.7,3,31,10:01 AM,09:55 PM,07:00 AM,04:51 PM,-1,2,4,2,16,0,71,0.0,1020,4,10,350,8,california
2009-01-01 03:00:00,15,1,0.0,8.7,3,31,10:01 AM,09:55 PM,07:00 AM,04:51 PM,-0,1,1,1,5,3,89,0.0,1021,1,10,268,2,california
2009-01-01 06:00:00,15,1,0.0,8.7,3,31,10:01 AM,09:55 PM,07:00 AM,04:51 PM,-2,-0,2,-0,14,1,76,0.0,1021,2,10,348,7,california
2009-01-01 09:00:00,15,1,0.0,8.7,3,31,10:01 AM,09:55 PM,07:00 AM,04:51 PM,-1,9,9,9,7,0,50,0.0,1020,9,10,115,5,california
2009-01-01 12:00:00,15,1,0.0,8.7,3,31,10:01 AM,09:55 PM,07:00 AM,04:51 PM,-1,15,15,15,6,2,33,0.0,1018,15,10,41,5,california
2009-01-01 15:00:00,15,1,0.0,8.7,3,31,10:01 AM,09:55 PM,07:00 AM,04:51 PM,-0,11,10,11,6,0,49,0.0,1017,10,10,224,3,california
2009-01-01 18:00:00,15,1,0.0,8.7,3,31,10:01 AM,09:55 PM,07:00 AM,04:51 PM,1,5,7,5,15,0,65,0.0,1017,7,10,307,7,california
2009-01-01 21:00:00,15,1,0.0,8.7,3,31,10:01 AM,09:55 PM,07:00 AM,04:51 PM,0,4,5,4,11,0,72,0.0,1017,5,10,263,5,california
2009-01-02 00:00:00,14,4,0.0,8.7,3,38,10:26 AM,10:55 PM,07:01 AM,04:52 PM,0,3,5,3,17,3,71,0.0,1016,5,10,296,8,california
2009-01-02 03:00:00,14,4,0.0,8.7,3,38,10:26 AM,10:55 PM,07:01 AM,04:52 PM,-0,2,4,2,17,3,73,0.0,1016,4,10,288,8,california
2009-01-02 06:00:00,14,4,0.0,8.7,3,38,10:26 AM,10:55 PM,07:01 AM,04:52 PM,0,1,4,1,26,4,75,0.0,1015,4,10,279,13,california
2009-01-02 09:00:00,14,4,0.0,8.7,3,38,10:26 AM,10:55 PM,07:01 AM,04:52 PM,1,8,9,8,11,7,56,0.0,1014,9,10,286,9,california
2009-01-02 12:00:00,14,4,0.0,8.7,3,38,10:26 AM,10:55 PM,07:01 AM,04:52 PM,2,12,14,12,19,6,46,0.0,1010,14,10,260,17,california
2009-01-02 15:00:00,14,4,0.0,8.7,3,38,10:26 AM,10:55 PM,07:01 AM,04:52 PM,2,8,11,8,29,3,55,0.0,1009,11,10,287,21,california
2009-01-02 18:00:00,14,4,0.0,8.7,3,38,10:26 AM,10:55 PM,07:01 AM,04:52 PM,1,3,6,3,24,24,68,0.0,1011,6,10,265,15,california
2009-01-02 21:00:00,14,4,0.0,8.7,3,38,10:26 AM,10:55 PM,07:01 AM,04:52 PM,2,2,6,2,23,24,78,0.0,1011,6,10,270,16,california
2009-01-03 00:00:00,9,2,0.0,8.7,3,45,10:53 AM,11:58 PM,07:01 AM,04:53 PM,1,1,5,1,20,22,80,0.0,1013,5,10,262,14,california
2009-01-03 03:00:00,9,2,0.0,8.7,3,45,10:53 AM,11:58 PM,07:01 AM,04:53 PM,1,-0,3,-0,22,20,84,0.0,1012,3,10,281,14,california
2009-01-03 06:00:00,9,2,0.0,8.7,3,45,10:53 AM,11:58 PM,07:01 AM,04:53 PM,-0,-0,3,-0,14,7,81,0.0,1014,2,10,285,9,california
2009-01-03 09:00:00,9,2,0.0,8.7,3,45,10:53 AM,11:58 PM,07:01 AM,04:53 PM,-1,6,7,6,5,27,58,0.0,1014,7,10,69,5,california
2009-01-03 12:00:00,9,2,0.0,8.7,3,45,10:53 AM,11:58 PM,07:01 AM,04:53 PM,-1,7,9,7,13,46,51,0.0,1012,9,10,58,11,california
2009-01-03 15:00:00,9,2,0.0,8.7,3,45,10:53 AM,11:58 PM,07:01 AM,04:53 PM,-3,4,7,4,19,49,50,0.0,1013,7,10,72,13,california
2009-01-03 18:00:00,9,2,0.0,8.7,3,45,10:53 AM,11:58 PM,07:01 AM,04:53 PM,-6,3,5,3,16,46,44,0.0,1016,5,10,60,10,california
2009-01-03 21:00:00,9,2,0.0,8.7,3,45,10:53 AM,11:58 PM,07:01 AM,04:53 PM,-7,1,4,1,15,47,44,0.0,1018,4,10,53,10,california
2009-01-04 00:00:00,6,-2,0.0,8.7,2,52,11:21 AM,No moonset,07:01 AM,04:54 PM,-8,-2,1,-2,17,15,50,0.0,1019,1,10,44,11,california
2009-01-04 03:00:00,6,-2,0.0,8.7,2,52,11:21 AM,No moonset,07:01 AM,04:54 PM,-7,-3,-1,-3,12,76,62,0.0,1019,-1,10,26,6,california
2009-01-04 06:00:00,6,-2,0.0,8.7,2,52,11:21 AM,No moonset,07:01 AM,04:54 PM,-8,-5,-2,-5,16,1,61,0.0,1021,-2,10,37,9,california
2009-01-04 09:00:00,6,-2,0.0,8.7,2,52,11:21 AM,No moonset,07:01 AM,04:54 PM,-10,1,4,1,12,0,37,0.0,1021,4,10,106,10,california
2009-01-04 12:00:00,6,-2,0.0,8.7,2,52,11:21 AM,No moonset,07:01 AM,04:54 PM,-12,4,6,4,12,0,25,0.0,1020,6,10,71,10,california
2009-01-04 15:00:00,6,-2,0.0,8.7,2,52,11:21 AM,No moonset,07:01 AM,04:54 PM,-11,3,5,3,10,0,31,0.0,1020,5,10,67,6,california
2009-01-04 18:00:00,6,-2,0.0,8.7,2,52,11:21 AM,No moonset,07:01 AM,04:54 PM,-11,-2,-1,-2,11,4,44,0.0,1023,-1,10,44,5,california
2009-01-04 21:00:00,6,-2,0.0,8.7,2,52,11:21 AM,No moonset,07:01 AM,04:54 PM,-10,-2,-2,-2,6,5,56,0.0,1024,-2,10,38,3,california
2009-01-05 00:00:00,11,-2,0.0,8.7,2,60,11:54 AM,01:03 AM,07:01 AM,04:54 PM,-11,-5,-2,-5,14,19,51,0.0,1025,-2,10,357,7,california
2009-01-05 03:00:00,11,-2,0.0,8.7,2,60,11:54 AM,01:03 AM,07:01 AM,04:54 PM,-10,-4,-2,-4,8,8,54,0.0,1023,-2,10,279,4,california
2009-01-05 06:00:00,11,-2,0.0,8.7,2,60,11:54 AM,01:03 AM,07:01 AM,04:54 PM,-9,-4,-1,-4,14,24,55,0.0,1024,-1,10,291,6,california
2009-01-05 09:00:00,11,-2,0.0,8.7,2,60,11:54 AM,01:03 AM,07:01 AM,04:54 PM,-6,5,6,5,9,24,40,0.0,1022,6,10,251,8,california
2009-01-05 12:00:00,11,-2,0.0,8.7,2,60,11:54 AM,01:03 AM,07:01 AM,04:54 PM,-5,8,11,8,19,15,34,0.0,1019,11,10,265,17,california
2009-01-05 15:00:00,11,-2,0.0,8.7,2,60,11:54 AM,01:03 AM,07:01 AM,04:54 PM,-1,5,8,5,24,18,52,0.0,1018,8,10,281,17,california
2009-01-05 18:00:00,11,-2,0.0,8.7,2,60,11:54 AM,01:03 AM,07:01 AM,04:54 PM,-1,1,4,1,23,12,70,0.0,1019,4,10,271,15,california
2009-01-05 21:00:00,11,-2,0.0,8.7,2,60,11:54 AM,01:03 AM,07:01 AM,04:54 PM,1,1,3,1,12,5,86,0.0,1020,3,10,307,7,california
2009-01-06 00:00:00,13,1,0.0,8.7,3,67,12:32 PM,02:12 AM,07:01 AM,04:55 PM,-0,-1,2,-1,19,5,87,0.0,1021,2,10,302,9,california
2009-01-06 03:00:00,13,1,0.0,8.7,3,67,12:32 PM,02:12 AM,07:01 AM,04:55 PM,-0,-2,2,-2,25,3,87,0.0,1021,2,10,249,12,california
2009-01-06 06:00:00,13,1,0.0,8.7,3,67,12:32 PM,02:12 AM,07:01 AM,04:55 PM,-1,-2,1,-2,17,3,85,0.0,1023,1,10,306,8,california
2009-01-06 09:00:00,13,1,0.0,8.7,3,67,12:32 PM,02:12 AM,07:01 AM,04:55 PM,-1,7,7,7,5,4,54,0.0,1023,7,10,218,4,california
2009-01-06 12:00:00,13,1,0.0,8.7,3,67,12:32 PM,02:12 AM,07:01 AM,04:55 PM,-1,14,13,14,5,2,38,0.0,1020,13,10,328,4,california
2009-01-06 15:00:00,13,1,0.0,8.7,3,67,12:32 PM,02:12 AM,07:01 AM,04:55 PM,0,11,11,11,6,0,48,0.0,1021,11,10,254,3,california
2009-01-06 18:00:00,13,1,0.0,8.7,3,67,12:32 PM,02:12 AM,07:01 AM,04:55 PM,1,5,7,5,16,0,67,0.0,1022,7,10,310,8,california
2009-01-06 21:00:00,13,1,0.0,8.7,3,67,12:32 PM,02:12 AM,07:01 AM,04:55 PM,3,5,6,5,16,0,79,0.0,1023,6,10,284,8,california
2009-01-07 00:00:00,18,5,0.0,8.7,3,74,01:20 PM,03:25 AM,07:01 AM,04:56 PM,3,4,5,4,14,0,84,0.0,1023,5,10,305,7,california
2009-01-07 03:00:00,18,5,0.0,8.7,3,74,01:20 PM,03:25 AM,07:01 AM,04:56 PM,3,3,6,3,21,0,84,0.0,1022,6,10,294,10,california
2009-01-07 06:00:00,18,5,0.0,8.7,3,74,01:20 PM,03:25 AM,07:01 AM,04:56 PM,2,3,5,3,14,0,84,0.0,1022,5,10,326,6,california
2009-01-07 09:00:00,18,5,0.0,8.7,3,74,01:20 PM,03:25 AM,07:01 AM,04:56 PM,2,12,12,12,6,0,50,0.0,1024,12,10,112,5,california
2009-01-07 12:00:00,18,5,0.0,8.7,3,74,01:20 PM,03:25 AM,07:01 AM,04:56 PM,2,18,18,18,0,0,33,0.0,1021,18,10,71,0,california
2009-01-07 15:00:00,18,5,0.0,8.7,3,74,01:20 PM,03:25 AM,07:01 AM,04:56 PM,2,13,13,13,4,0,48,0.0,1019,13,10,64,2,california
2009-01-07 18:00:00,18,5,0.0,8.7,3,74,01:20 PM,03:25 AM,07:01 AM,04:56 PM,2,9,9,9,13,0,62,0.0,1020,9,10,341,6,california
2009-01-07 21:00:00,18,5,0.0,8.7,3,74,01:20 PM,03:25 AM,07:01 AM,04:56 PM,5,7,7,7,8,0,90,0.0,1020,7,10,274,4,california
2009-01-08 00:00:00,19,6,0.0,8.7,4,82,02:18 PM,04:37 AM,07:01 AM,04:57 PM,2,6,7,6,14,0,71,0.0,1020,7,10,326,7,california
2009-01-08 03:00:00,19,6,0.0,8.7,4,82,02:18 PM,04:37 AM,07:01 AM,04:57 PM,2,5,6,5,14,0,73,0.0,1019,6,10,282,7,california
2009-01-08 06:00:00,19,6,0.0,8.7,4,82,02:18 PM,04:37 AM,07:01 AM,04:57 PM,-0,5,6,5,16,0,64,0.0,1018,6,10,303,8,california
2009-01-08 09:00:00,19,6,0.0,8.7,4,82,02:18 PM,04:37 AM,07:01 AM,04:57 PM,-1,14,14,14,2,0,37,0.0,1019,14,10,144,2,california
2009-01-08 12:00:00,19,6,0.0,8.7,4,82,02:18 PM,04:37 AM,07:01 AM,04:57 PM,-2,19,19,19,11,0,24,0.0,1015,19,10,267,10,california
2009-01-08 15:00:00,19,6,0.0,8.7,4,82,02:18 PM,04:37 AM,07:01 AM,04:57 PM,-1,15,15,15,27,0,32,0.0,1013,15,10,270,17,california
2009-01-08 18:00:00,19,6,0.0,8.7,4,82,02:18 PM,04:37 AM,07:01 AM,04:57 PM,-1,8,10,8,28,0,47,0.0,1015,10,10,285,17,california
2009-01-08 21:00:00,19,6,0.0,8.7,4,82,02:18 PM,04:37 AM,07:01 AM,04:57 PM,-1,6,7,6,14,0,56,0.0,1018,7,10,270,7,california
2009-01-09 00:00:00,12,3,0.0,8.7,3,89,03:27 PM,05:46 AM,07:01 AM,04:58 PM,-1,4,6,4,18,2,60,0.0,1020,6,10,338,9,california
2009-01-09 03:00:00,12,3,0.0,8.7,3,89,03:27 PM,05:46 AM,07:01 AM,04:58 PM,-3,3,5,3,18,0,56,0.0,1021,5,10,62,9,california
2009-01-09 06:00:00,12,3,0.0,8.7,3,89,03:27 PM,05:46 AM,07:01 AM,04:58 PM,-7,1,3,1,20,0,46,0.0,1024,3,10,38,10,california
2009-01-09 09:00:00,12,3,0.0,8.7,3,89,03:27 PM,05:46 AM,07:01 AM,04:58 PM,-8,7,9,7,16,0,28,0.0,1024,9,10,108,13,california
2009-01-09 12:00:00,12,3,0.0,8.7,3,89,03:27 PM,05:46 AM,07:01 AM,04:58 PM,-9,10,12,10,23,0,21,0.0,1024,12,10,67,20,california
2009-01-09 15:00:00,12,3,0.0,8.7,3,89,03:27 PM,05:46 AM,07:01 AM,04:58 PM,-8,9,11,9,20,0,27,0.0,1024,11,10,129,12,california
2009-01-09 18:00:00,12,3,0.0,8.7,3,89,03:27 PM,05:46 AM,07:01 AM,04:58 PM,-7,4,6,4,22,0,37,0.0,1029,6,10,59,12,california
2009-01-09 21:00:00,12,3,0.0,8.7,3,89,03:27 PM,05:46 AM,07:01 AM,04:58 PM,-5,3,6,3,36,0,44,0.0,1030,6,10,105,17,california
2009-01-10 00:00:00,14,2,0.0,8.7,3,96,04:42 PM,06:45 AM,07:01 AM,04:59 PM,-6,1,4,1,20,7,49,0.0,1033,4,10,44,10,california
2009-01-10 03:00:00,14,2,0.0,8.7,3,96,04:42 PM,06:45 AM,07:01 AM,04:59 PM,-6,1,4,1,23,2,48,0.0,1032,4,10,87,11,california
2009-01-10 06:00:00,14,2,0.0,8.7,3,96,04:42 PM,06:45 AM,07:01 AM,04:59 PM,-7,-1,2,-1,20,0,51,0.0,1035,2,10,48,9,california
2009-01-10 09:00:00,14,2,0.0,8.7,3,96,04:42 PM,06:45 AM,07:01 AM,04:59 PM,-8,11,11,11,5,0,26,0.0,1034,11,10,127,4,california
2009-01-10 12:00:00,14,2,0.0,8.7,3,96,04:42 PM,06:45 AM,07:01 AM,04:59 PM,-12,13,14,13,14,0,16,0.0,1031,14,10,80,12,california
2009-01-10 15:00:00,14,2,0.0,8.7,3,96,04:42 PM,06:45 AM,07:01 AM,04:59 PM,-11,11,12,11,19,0,19,0.0,1030,12,10,155,11,california
2009-01-10 18:00:00,14,2,0.0,8.7,3,96,04:42 PM,06:45 AM,07:01 AM,04:59 PM,-11,5,6,5,12,0,29,0.0,1032,6,10,59,6,california
2009-01-10 21:00:00,14,2,0.0,8.7,3,96,04:42 PM,06:45 AM,07:01 AM,04:59 PM,-6,4,4,4,8,0,46,0.0,1033,4,10,171,4,california
2009-01-11 00:00:00,19,2,0.0,8.7,3,100,05:59 PM,07:34 AM,07:01 AM,05:00 PM,-11,3,4,3,16,1,30,0.0,1033,4,10,12,8,california
2009-01-11 03:00:00,19,2,0.0,8.7,3,100,05:59 PM,07:34 AM,07:01 AM,05:00 PM,-8,2,2,2,2,0,48,0.0,1031,2,10,251,1,california
2009-01-11 06:00:00,19,2,0.0,8.7,3,100,05:59 PM,07:34 AM,07:01 AM,05:00 PM,-12,2,4,2,17,0,29,0.0,1032,4,10,12,8,california
2009-01-11 09:00:00,19,2,0.0,8.7,3,100,05:59 PM,07:34 AM,07:01 AM,05:00 PM,-9,15,15,15,7,0,18,0.0,1031,14,10,214,6,california
2009-01-11 12:00:00,19,2,0.0,8.7,3,100,05:59 PM,07:34 AM,07:01 AM,05:00 PM,-10,19,19,19,4,0,12,0.0,1027,19,10,68,3,california
2009-01-11 15:00:00,19,2,0.0,8.7,3,100,05:59 PM,07:34 AM,07:01 AM,05:00 PM,-9,16,16,16,21,0,17,0.0,1025,16,10,165,10,california
2009-01-11 18:00:00,19,2,0.0,8.7,3,100,05:59 PM,07:34 AM,07:01 AM,05:00 PM,-9,8,9,8,13,0,28,0.0,1027,9,10,47,6,california
2009-01-11 21:00:00,19,2,0.0,8.7,3,100,05:59 PM,07:34 AM,07:01 AM,05:00 PM,-6,8,8,8,10,0,37,0.0,1027,8,10,79,5,california
2009-01-12 00:00:00,17,6,0.0,8.7,4,89,07:14 PM,08:15 AM,07:00 AM,05:01 PM,-8,6,7,6,18,0,33,0.0,1026,7,10,32,9,california
2009-01-12 03:00:00,17,6,0.0,8.7,4,89,07:14 PM,08:15 AM,07:00 AM,05:01 PM,-6,5,6,5,14,0,42,0.0,1026,6,10,165,7,california
2009-01-12 06:00:00,17,6,0.0,8.7,4,89,07:14 PM,08:15 AM,07:00 AM,05:01 PM,-7,4,6,4,23,0,39,0.0,1028,6,10,30,11,california
2009-01-12 09:00:00,17,6,0.0,8.7,4,89,07:14 PM,08:15 AM,07:00 AM,05:01 PM,-6,13,14,13,16,0,24,0.0,1027,14,10,113,12,california
2009-01-12 12:00:00,17,6,0.0,8.7,4,89,07:14 PM,08:15 AM,07:00 AM,05:01 PM,-8,17,17,17,20,0,18,0.0,1026,17,10,70,17,california
2009-01-12 15:00:00,17,6,0.0,8.7,4,89,07:14 PM,08:15 AM,07:00 AM,05:01 PM,-8,16,15,16,10,0,20,0.0,1024,15,10,125,5,california
2009-01-12 18:00:00,17,6,0.0,8.7,4,89,07:14 PM,08:15 AM,07:00 AM,05:01 PM,-8,10,11,10,24,0,25,0.0,1027,11,10,52,12,california
2009-01-12 21:00:00,17,6,0.0,8.7,4,89,07:14 PM,08:15 AM,07:00 AM,05:01 PM,-5,9,9,9,8,0,36,0.0,1027,9,10,67,4,california
2009-01-13 00:00:00,18,6,0.0,8.7,4,82,08:24 PM,08:49 AM,07:00 AM,05:02 PM,-4,7,9,7,20,0,41,0.0,1028,9,10,52,9,california
2009-01-13 03:00:00,18,6,0.0,8.7,4,82,08:24 PM,08:49 AM,07:00 AM,05:02 PM,3,6,6,6,6,0,80,0.0,1027,6,10,45,3,california
2009-01-13 06:00:00,18,6,0.0,8.7,4,82,08:24 PM,08:49 AM,07:00 AM,05:02 PM,-2,6,8,6,22,0,51,0.0,1028,7,10,39,10,california
2009-01-13 09:00:00,18,6,0.0,8.7,4,82,08:24 PM,08:49 AM,07:00 AM,05:02 PM,-2,15,15,15,7,0,30,0.0,1027,15,10,125,6,california
2009-01-13 12:00:00,18,6,0.0,8.7,4,82,08:24 PM,08:49 AM,07:00 AM,05:02 PM,-4,19,19,19,12,0,21,0.0,1024,18,10,76,11,california
2009-01-13 15:00:00,18,6,0.0,8.7,4,82,08:24 PM,08:49 AM,07:00 AM,05:02 PM,-5,15,15,15,8,0,24,0.0,1023,15,10,165,4,california
2009-01-13 18:00:00,18,6,0.0,8.7,4,82,08:24 PM,08:49 AM,07:00 AM,05:02 PM,-6,9,10,9,13,0,32,0.0,1025,9,10,61,6,california
2009-01-13 21:00:00,18,6,0.0,8.7,4,82,08:24 PM,08:49 AM,07:00 AM,05:02 PM,-1,7,8,7,11,0,55,0.0,1025,8,10,283,5,california
2009-01-14 00:00:00,20,4,0.0,8.7,4,75,09:31 PM,09:19 AM,07:00 AM,05:03 PM,-11,5,6,5,14,0,28,0.0,1025,6,10,359,7,california
2009-01-14 03:00:00,20,4,0.0,8.7,4,75,09:31 PM,09:19 AM,07:00 AM,05:03 PM,-1,5,5,5,6,0,70,0.0,1023,4,10,345,3,california
2009-01-14 06:00:00,20,4,0.0,8.7,4,75,09:31 PM,09:19 AM,07:00 AM,05:03 PM,-14,4,6,4,18,0,22,0.0,1025,6,10,22,9,california
2009-01-14 09:00:00,20,4,0.0,8.7,4,75,09:31 PM,09:19 AM,07:00 AM,05:03 PM,-12,16,16,16,7,0,14,0.0,1024,16,10,142,5,california
2009-01-14 12:00:00,20,4,0.0,8.7,4,75,09:31 PM,09:19 AM,07:00 AM,05:03 PM,-13,20,20,20,10,0,10,0.0,1022,20,10,79,9,california
2009-01-14 15:00:00,20,4,0.0,8.7,4,75,09:31 PM,09:19 AM,07:00 AM,05:03 PM,-11,17,17,17,15,0,14,0.0,1020,17,10,201,8,california
2009-01-14 18:00:00,20,4,0.0,8.7,4,75,09:31 PM,09:19 AM,07:00 AM,05:03 PM,-12,9,9,9,12,1,20,0.0,1022,9,10,27,6,california
2009-01-14 21:00:00,20,4,0.0,8.7,4,75,09:31 PM,09:19 AM,07:00 AM,05:03 PM,2,7,7,7,6,0,69,0.0,1021,7,10,342,3,california
2009-01-15 00:00:00,18,6,0.0,8.7,4,68,10:35 PM,09:47 AM,07:00 AM,05:04 PM,-14,6,7,6,17,0,21,0.0,1022,7,10,24,8,california
2009-01-15 03:00:00,18,6,0.0,8.7,4,68,10:35 PM,09:47 AM,07:00 AM,05:04 PM,-9,6,7,6,14,0,31,0.0,1021,7,10,245,6,california
2009-01-15 06:00:00,18,6,0.0,8.7,4,68,10:35 PM,09:47 AM,07:00 AM,05:04 PM,-12,4,6,4,17,0,27,0.0,1023,6,10,35,8,california
2009-01-15 09:00:00,18,6,0.0,8.7,4,68,10:35 PM,09:47 AM,07:00 AM,05:04 PM,-10,16,16,16,0,0,16,0.0,1023,16,10,310,0,california
2009-01-15 12:00:00,18,6,0.0,8.7,4,68,10:35 PM,09:47 AM,07:00 AM,05:04 PM,-12,18,18,18,16,0,12,0.0,1021,18,10,79,14,california
2009-01-15 15:00:00,18,6,0.0,8.7,4,68,10:35 PM,09:47 AM,07:00 AM,05:04 PM,-11,16,16,16,16,1,14,0.0,1020,16,10,87,10,california
2009-01-15 18:00:00,18,6,0.0,8.7,4,68,10:35 PM,09:47 AM,07:00 AM,05:04 PM,-11,8,9,8,16,9,23,0.0,1023,9,10,52,8,california
2009-01-15 21:00:00,18,6,0.0,8.7,4,68,10:35 PM,09:47 AM,07:00 AM,05:04 PM,-2,6,6,6,2,0,56,0.0,1023,6,10,340,1,california
2009-01-16 00:00:00,17,6,0.0,8.7,4,60,11:38 PM,10:14 AM,06:59 AM,05:05 PM,-10,6,7,6,20,0,27,0.0,1025,7,10,33,9,california
2009-01-16 03:00:00,17,6,0.0,8.7,4,60,11:38 PM,10:14 AM,06:59 AM,05:05 PM,-10,5,6,5,11,0,32,0.0,1024,6,10,59,5,california
2009-01-16 06:00:00,17,6,0.0,8.7,4,60,11:38 PM,10:14 AM,06:59 AM,05:05 PM,-10,4,6,4,21,0,30,0.0,1027,6,10,41,10,california
2009-01-16 09:00:00,17,6,0.0,8.7,4,60,11:38 PM,10:14 AM,06:59 AM,05:05 PM,-9,13,14,13,9,0,20,0.0,1026,13,10,103,8,california
2009-01-16 12:00:00,17,6,0.0,8.7,4,60,11:38 PM,10:14 AM,06:59 AM,05:05 PM,-8,17,17,17,17,0,17,0.0,1025,17,10,71,15,california
2009-01-16 15:00:00,17,6,0.0,8.7,4,60,11:38 PM,10:14 AM,06:59 AM,05:05 PM,-6,15,15,15,16,0,22,0.0,1023,15,10,120,9,california
2009-01-16 18:00:00,17,6,0.0,8.7,4,60,11:38 PM,10:14 AM,06:59 AM,05:05 PM,-6,8,9,8,17,0,33,0.0,1024,9,10,40,8,california
2009-01-16 21:00:00,17,6,0.0,8.7,4,60,11:38 PM,10:14 AM,06:59 AM,05:05 PM,-2,6,7,6,9,0,54,0.0,1025,7,10,333,4,california
2009-01-17 00:00:00,19,5,0.0,8.7,4,53,No moonrise,10:42 AM,06:59 AM,05:06 PM,-8,5,7,5,19,0,33,0.0,1026,7,10,15,9,california
2009-01-17 03:00:00,19,5,0.0,8.7,4,53,No moonrise,10:42 AM,06:59 AM,05:06 PM,-3,4,5,4,8,0,59,0.0,1024,5,10,326,4,california
2009-01-17 06:00:00,19,5,0.0,8.7,4,53,No moonrise,10:42 AM,06:59 AM,05:06 PM,-10,4,6,4,17,0,31,0.0,1024,6,10,20,8,california
2009-01-17 09:00:00,19,5,0.0,8.7,4,53,No moonrise,10:42 AM,06:59 AM,05:06 PM,-10,15,15,15,5,0,17,0.0,1024,15,10,47,4,california
2009-01-17 12:00:00,19,5,0.0,8.7,4,53,No moonrise,10:42 AM,06:59 AM,05:06 PM,-9,19,19,19,11,0,14,0.0,1021,19,10,79,9,california
2009-01-17 15:00:00,19,5,0.0,8.7,4,53,No moonrise,10:42 AM,06:59 AM,05:06 PM,-7,16,16,16,7,0,19,0.0,1022,16,10,104,4,california
2009-01-17 18:00:00,19,5,0.0,8.7,4,53,No moonrise,10:42 AM,06:59 AM,05:06 PM,-7,8,8,8,11,0,32,0.0,1023,8,10,87,5,california
2009-01-17 21:00:00,19,5,0.0,8.7,4,53,No moonrise,10:42 AM,06:59 AM,05:06 PM,-7,7,8,7,16,0,33,0.0,1025,8,10,16,8,california
2009-01-18 00:00:00,17,6,0.0,8.7,4,46,12:39 AM,11:13 AM,06:59 AM,05:07 PM,-8,6,8,6,20,0,31,0.0,1025,8,10,24,10,california
2009-01-18 03:00:00,17,6,0.0,8.7,4,46,12:39 AM,11:13 AM,06:59 AM,05:07 PM,-6,5,6,5,15,0,40,0.0,1026,6,10,78,7,california
2009-01-18 06:00:00,17,6,0.0,8.7,4,46,12:39 AM,11:13 AM,06:59 AM,05:07 PM,-5,4,6,4,21,0,46,0.0,1027,6,10,35,10,california
2009-01-18 09:00:00,17,6,0.0,8.7,4,46,12:39 AM,11:13 AM,06:59 AM,05:07 PM,-3,12,13,12,18,0,32,0.0,1028,13,10,98,15,california
2009-01-18 12:00:00,17,6,0.0,8.7,4,46,12:39 AM,11:13 AM,06:59 AM,05:07 PM,-3,17,17,17,18,0,25,0.0,1025,17,10,70,16,california
2009-01-18 15:00:00,17,6,0.0,8.7,4,46,12:39 AM,11:13 AM,06:59 AM,05:07 PM,-4,16,16,16,26,0,25,0.0,1025,16,10,99,17,california
2009-01-18 18:00:00,17,6,0.0,8.7,4,46,12:39 AM,11:13 AM,06:59 AM,05:07 PM,-4,9,10,9,19,0,38,0.0,1026,10,10,44,9,california
2009-01-18 21:00:00,17,6,0.0,8.7,4,46,12:39 AM,11:13 AM,06:59 AM,05:07 PM,-6,7,9,7,17,0,36,0.0,1026,9,10,81,8,california
2009-01-19 00:00:00,17,5,0.0,8.7,4,38,01:40 AM,11:47 AM,06:58 AM,05:08 PM,-8,6,8,6,22,5,32,0.0,1026,8,10,23,10,california
2009-01-19 03:00:00,17,5,0.0,8.7,4,38,01:40 AM,11:47 AM,06:58 AM,05:08 PM,-8,5,5,5,7,40,37,0.0,1025,5,10,35,3,california
2009-01-19 06:00:00,17,5,0.0,8.7,4,38,01:40 AM,11:47 AM,06:58 AM,05:08 PM,-9,5,7,5,22,5,31,0.0,1026,7,10,36,10,california
2009-01-19 09:00:00,17,5,0.0,8.7,4,38,01:40 AM,11:47 AM,06:58 AM,05:08 PM,-7,13,14,13,11,25,23,0.0,1026,14,10,91,9,california
2009-01-19 12:00:00,17,5,0.0,8.7,4,38,01:40 AM,11:47 AM,06:58 AM,05:08 PM,-7,17,17,17,15,30,18,0.0,1023,17,10,68,13,california
2009-01-19 15:00:00,17,5,0.0,8.7,4,38,01:40 AM,11:47 AM,06:58 AM,05:08 PM,-7,16,16,16,8,16,21,0.0,1021,16,10,79,5,california
2009-01-19 18:00:00,17,5,0.0,8.7,4,38,01:40 AM,11:47 AM,06:58 AM,05:08 PM,-7,9,10,9,17,5,28,0.0,1022,10,10,48,8,california
2009-01-19 21:00:00,17,5,0.0,8.7,4,38,01:40 AM,11:47 AM,06:58 AM,05:08 PM,-7,8,8,8,6,45,33,0.0,1022,8,10,11,3,california
2009-01-20 00:00:00,19,7,0.0,8.7,4,31,02:39 AM,12:25 PM,06:58 AM,05:09 PM,-9,8,9,8,17,9,26,0.0,1022,9,10,23,8,california
2009-01-20 03:00:00,19,7,0.0,8.7,4,31,02:39 AM,12:25 PM,06:58 AM,05:09 PM,-10,6,7,6,12,9,27,0.0,1022,7,10,330,6,california
2009-01-20 06:00:00,19,7,0.0,8.7,4,31,02:39 AM,12:25 PM,06:58 AM,05:09 PM,-11,6,8,6,19,7,25,0.0,1022,8,10,32,9,california
2009-01-20 09:00:00,19,7,0.0,8.7,4,31,02:39 AM,12:25 PM,06:58 AM,05:09 PM,-7,14,15,14,14,32,21,0.0,1023,15,10,57,12,california
2009-01-20 12:00:00,19,7,0.0,8.7,4,31,02:39 AM,12:25 PM,06:58 AM,05:09 PM,-7,19,19,19,15,11,17,0.0,1019,19,10,74,13,california
2009-01-20 15:00:00,19,7,0.0,8.7,4,31,02:39 AM,12:25 PM,06:58 AM,05:09 PM,-5,17,17,17,17,7,21,0.0,1017,17,10,67,10,california
2009-01-20 18:00:00,19,7,0.0,8.7,4,31,02:39 AM,12:25 PM,06:58 AM,05:09 PM,-5,12,13,12,18,11,29,0.0,1018,13,10,49,9,california
2009-01-20 21:00:00,19,7,0.0,8.7,4,31,02:39 AM,12:25 PM,06:58 AM,05:09 PM,-3,12,12,12,15,46,33,0.0,1019,12,10,45,7,california
2009-01-21 00:00:00,18,11,0.0,8.7,4,24,03:37 AM,01:10 PM,06:57 AM,05:10 PM,-4,12,13,12,20,45,30,0.0,1019,13,10,40,10,california
2009-01-21 03:00:00,18,11,0.0,8.7,4,24,03:37 AM,01:10 PM,06:57 AM,05:10 PM,-4,11,12,11,13,11,34,0.0,1018,12,10,46,6,california
2009-01-21 06:00:00,18,11,0.0,8.7,4,24,03:37 AM,01:10 PM,06:57 AM,05:10 PM,-5,10,11,10,20,12,32,0.0,1018,11,10,46,10,california
2009-01-21 09:00:00,18,11,0.0,8.7,4,24,03:37 AM,01:10 PM,06:57 AM,05:10 PM,-3,16,16,16,14,40,27,0.0,1018,16,10,75,12,california
2009-01-21 12:00:00,18,11,0.0,8.7,4,24,03:37 AM,01:10 PM,06:57 AM,05:10 PM,-3,18,18,18,14,33,24,0.0,1016,18,10,93,12,california
2009-01-21 15:00:00,18,11,0.0,8.7,4,24,03:37 AM,01:10 PM,06:57 AM,05:10 PM,0,17,17,17,12,45,31,0.0,1015,17,10,73,9,california
2009-01-21 18:00:00,18,11,0.0,8.7,4,24,03:37 AM,01:10 PM,06:57 AM,05:10 PM,0,12,13,12,11,40,42,0.0,1016,12,10,67,5,california
2009-01-21 21:00:00,18,11,0.0,8.7,4,24,03:37 AM,01:10 PM,06:57 AM,05:10 PM,2,11,11,11,15,47,53,0.0,1016,11,10,9,7,california
2009-01-22 00:00:00,16,8,0.0,8.7,4,17,04:30 AM,01:59 PM,06:57 AM,05:11 PM,2,11,11,11,8,45,56,0.0,1016,11,10,28,4,california
2009-01-22 03:00:00,16,8,0.0,8.7,4,17,04:30 AM,01:59 PM,06:57 AM,05:11 PM,3,9,9,9,7,22,67,0.0,1015,9,10,2,3,california
2009-01-22 06:00:00,16,8,0.0,8.7,4,17,04:30 AM,01:59 PM,06:57 AM,05:11 PM,4,8,8,8,7,48,76,0.1,1016,8,10,285,3,california
2009-01-22 09:00:00,16,8,0.0,8.7,4,17,04:30 AM,01:59 PM,06:57 AM,05:11 PM,4,15,15,15,2,48,50,0.0,1017,15,10,250,2,california
2009-01-22 12:00:00,16,8,0.0,8.7,4,17,04:30 AM,01:59 PM,06:57 AM,05:11 PM,4,16,16,16,5,45,45,0.1,1014,16,10,199,4,california
2009-01-22 15:00:00,16,8,0.0,8.7,4,17,04:30 AM,01:59 PM,06:57 AM,05:11 PM,7,14,13,14,7,43,66,0.0,1014,13,10,267,4,california
2009-01-22 18:00:00,16,8,0.0,8.7,4,17,04:30 AM,01:59 PM,06:57 AM,05:11 PM,8,12,12,12,8,52,78,0.8,1016,12,9,308,5,california
2009-01-22 21:00:00,16,8,0.0,8.7,4,17,04:30 AM,01:59 PM,06:57 AM,05:11 PM,9,11,11,11,4,60,87,0.0,1016,11,10,307,2,california
2009-01-23 00:00:00,15,9,0.0,7.1,3,9,05:18 AM,02:54 PM,06:57 AM,05:12 PM,9,10,10,10,4,47,93,0.3,1016,10,5,169,2,california
2009-01-23 03:00:00,15,9,0.0,7.1,3,9,05:18 AM,02:54 PM,06:57 AM,05:12 PM,10,10,11,10,10,42,95,0.0,1016,10,2,89,5,california
2009-01-23 06:00:00,15,9,0.0,7.1,3,9,05:18 AM,02:54 PM,06:57 AM,05:12 PM,9,10,9,10,7,100,97,0.0,1016,9,0,126,3,california
2009-01-23 09:00:00,15,9,0.0,7.1,3,9,05:18 AM,02:54 PM,06:57 AM,05:12 PM,10,12,13,12,9,59,86,0.0,1019,13,10,112,7,california
2009-01-23 12:00:00,15,9,0.0,7.1,3,9,05:18 AM,02:54 PM,06:57 AM,05:12 PM,9,15,15,15,12,74,66,0.3,1017,15,10,155,10,california
2009-01-23 15:00:00,15,9,0.0,7.1,3,9,05:18 AM,02:54 PM,06:57 AM,05:12 PM,8,13,14,13,14,34,71,0.0,1018,13,10,163,11,california
2009-01-23 18:00:00,15,9,0.0,7.1,3,9,05:18 AM,02:54 PM,06:57 AM,05:12 PM,9,10,11,10,11,63,88,0.2,1019,11,10,196,7,california
2009-01-23 21:00:00,15,9,0.0,7.1,3,9,05:18 AM,02:54 PM,06:57 AM,05:12 PM,9,10,11,10,11,49,92,0.0,1020,10,10,237,7,california
2009-01-24 00:00:00,11,7,0.0,8.7,2,2,06:01 AM,03:52 PM,06:56 AM,05:13 PM,9,8,9,8,14,66,97,0.1,1020,9,2,213,8,california
2009-01-24 03:00:00,11,7,0.0,8.7,2,2,06:01 AM,03:52 PM,06:56 AM,05:13 PM,9,7,9,7,20,64,97,0.0,1020,9,10,254,13,california
2009-01-24 06:00:00,11,7,0.0,8.7,2,2,06:01 AM,03:52 PM,06:56 AM,05:13 PM,8,7,8,7,13,59,95,0.0,1021,8,2,233,8,california
2009-01-24 09:00:00,11,7,0.0,8.7,2,2,06:01 AM,03:52 PM,06:56 AM,05:13 PM,7,9,11,9,16,50,77,0.0,1021,11,10,239,13,california
2009-01-24 12:00:00,11,7,0.0,8.7,2,2,06:01 AM,03:52 PM,06:56 AM,05:13 PM,7,9,11,9,16,37,74,0.2,1018,11,9,245,14,california
2009-01-24 15:00:00,11,7,0.0,8.7,2,2,06:01 AM,03:52 PM,06:56 AM,05:13 PM,7,8,10,8,24,47,79,0.0,1017,10,10,258,18,california
2009-01-24 18:00:00,11,7,0.0,8.7,2,2,06:01 AM,03:52 PM,06:56 AM,05:13 PM,6,6,8,6,16,49,89,0.1,1018,8,10,260,11,california
2009-01-24 21:00:00,11,7,0.0,8.7,2,2,06:01 AM,03:52 PM,06:56 AM,05:13 PM,6,5,7,5,22,35,89,0.0,1018,7,10,262,15,california
2009-01-25 00:00:00,7,2,0.0,8.7,3,0,06:38 AM,04:51 PM,06:55 AM,05:14 PM,4,3,6,3,19,39,92,0.0,1017,6,10,268,12,california
2009-01-25 03:00:00,7,2,0.0,8.7,3,0,06:38 AM,04:51 PM,06:55 AM,05:14 PM,4,2,6,2,25,44,90,0.0,1016,6,10,267,17,california
2009-01-25 06:00:00,7,2,0.0,8.7,3,0,06:38 AM,04:51 PM,06:55 AM,05:14 PM,3,3,6,3,19,81,86,0.2,1016,5,2,260,14,california
2009-01-25 09:00:00,7,2,0.0,8.7,3,0,06:38 AM,04:51 PM,06:55 AM,05:14 PM,2,3,6,3,21,34,74,0.0,1016,6,10,263,18,california
2009-01-25 12:00:00,7,2,0.0,8.7,3,0,06:38 AM,04:51 PM,06:55 AM,05:14 PM,1,4,7,4,23,26,64,0.0,1013,7,10,264,20,california
2009-01-25 15:00:00,7,2,0.0,8.7,3,0,06:38 AM,04:51 PM,06:55 AM,05:14 PM,-0,2,6,2,40,15,63,0.0,1012,6,10,275,30,california
2009-01-25 18:00:00,7,2,0.0,8.7,3,0,06:38 AM,04:51 PM,06:55 AM,05:14 PM,0,-0,3,-0,19,13,80,0.0,1014,3,10,276,13,california
2009-01-25 21:00:00,7,2,0.0,8.7,3,0,06:38 AM,04:51 PM,06:55 AM,05:14 PM,-1,-2,2,-2,22,19,81,0.0,1014,2,10,292,15,california
2009-01-26 00:00:00,8,-1,0.0,8.7,1,0,07:11 AM,05:51 PM,06:55 AM,05:15 PM,-2,-3,1,-3,17,27,82,0.0,1015,0,10,293,11,california
2009-01-26 03:00:00,8,-1,0.0,8.7,1,0,07:11 AM,05:51 PM,06:55 AM,05:15 PM,-3,-4,0,-4,20,7,78,0.0,1014,-0,10,282,13,california
2009-01-26 06:00:00,8,-1,0.0,8.7,1,0,07:11 AM,05:51 PM,06:55 AM,05:15 PM,-4,-5,-1,-5,18,11,83,0.0,1017,-1,10,292,11,california
2009-01-26 09:00:00,8,-1,0.0,8.7,1,0,07:11 AM,05:51 PM,06:55 AM,05:15 PM,-5,2,4,2,11,5,52,0.0,1017,4,10,291,9,california
2009-01-26 12:00:00,8,-1,0.0,8.7,1,0,07:11 AM,05:51 PM,06:55 AM,05:15 PM,-8,6,8,6,11,3,31,0.0,1015,8,10,286,10,california
2009-01-26 15:00:00,8,-1,0.0,8.7,1,0,07:11 AM,05:51 PM,06:55 AM,05:15 PM,-7,3,6,3,17,3,39,0.0,1016,6,10,276,13,california
2009-01-26 18:00:00,8,-1,0.0,8.7,1,0,07:11 AM,05:51 PM,06:55 AM,05:15 PM,-5,-2,1,-2,18,2,63,0.0,1020,1,10,299,12,california
2009-01-26 21:00:00,8,-1,0.0,8.7,1,0,07:11 AM,05:51 PM,06:55 AM,05:15 PM,-4,-2,0,-2,14,7,76,0.0,1023,0,10,339,7,california
2009-01-27 00:00:00,9,-2,0.0,8.7,2,5,07:40 AM,06:51 PM,06:54 AM,05:16 PM,-6,-3,0,-3,19,9,62,0.0,1026,0,10,17,9,california
2009-01-27 03:00:00,9,-2,0.0,8.7,2,5,07:40 AM,06:51 PM,06:54 AM,05:16 PM,-10,-3,-1,-3,13,0,49,0.0,1028,-1,10,30,6,california
2009-01-27 06:00:00,9,-2,0.0,8.7,2,5,07:40 AM,06:51 PM,06:54 AM,05:16 PM,-15,-5,-2,-5,17,0,38,0.0,1031,-2,10,31,8,california
2009-01-27 09:00:00,9,-2,0.0,8.7,2,5,07:40 AM,06:51 PM,06:54 AM,05:16 PM,-13,3,5,3,7,0,25,0.0,1032,5,10,97,6,california
2009-01-27 12:00:00,9,-2,0.0,8.7,2,5,07:40 AM,06:51 PM,06:54 AM,05:16 PM,-15,9,9,9,5,0,17,0.0,1029,9,10,103,4,california
2009-01-27 15:00:00,9,-2,0.0,8.7,2,5,07:40 AM,06:51 PM,06:54 AM,05:16 PM,-12,8,9,8,11,0,21,0.0,1028,9,10,46,7,california
2009-01-27 18:00:00,9,-2,0.0,8.7,2,5,07:40 AM,06:51 PM,06:54 AM,05:16 PM,-12,1,1,1,5,0,38,0.0,1032,1,10,65,2,california
2009-01-27 21:00:00,9,-2,0.0,8.7,2,5,07:40 AM,06:51 PM,06:54 AM,05:16 PM,-9,-0,1,-0,11,0,45,0.0,1031,1,10,300,5,california
2009-01-28 00:00:00,14,1,0.0,8.7,3,12,08:06 AM,07:50 PM,06:54 AM,05:17 PM,-7,-1,2,-1,17,0,51,0.0,1032,2,10,324,8,california
2009-01-28 03:00:00,14,1,0.0,8.7,3,12,08:06 AM,07:50 PM,06:54 AM,05:17 PM,-4,-1,2,-1,19,0,63,0.0,1029,2,10,264,9,california
2009-01-28 06:00:00,14,1,0.0,8.7,3,12,08:06 AM,07:50 PM,06:54 AM,05:17 PM,-4,-1,1,-1,19,0,68,0.0,1030,1,10,346,9,california
2009-01-28 09:00:00,14,1,0.0,8.7,3,12,08:06 AM,07:50 PM,06:54 AM,05:17 PM,-4,9,10,9,9,0,37,0.0,1028,10,10,122,8,california
2009-01-28 12:00:00,14,1,0.0,8.7,3,12,08:06 AM,07:50 PM,06:54 AM,05:17 PM,-6,14,14,14,7,0,24,0.0,1024,14,10,53,6,california
2009-01-28 15:00:00,14,1,0.0,8.7,3,12,08:06 AM,07:50 PM,06:54 AM,05:17 PM,-4,13,13,13,6,0,30,0.0,1023,13,10,189,4,california
2009-01-28 18:00:00,14,1,0.0,8.7,3,12,08:06 AM,07:50 PM,06:54 AM,05:17 PM,-4,5,6,5,12,0,48,0.0,1024,6,10,6,6,california
2009-01-28 21:00:00,14,1,0.0,8.7,3,12,08:06 AM,07:50 PM,06:54 AM,05:17 PM,-0,4,4,4,7,0,73,0.0,1024,4,10,84,3,california
2009-01-29 00:00:00,14,4,0.0,8.7,3,20,08:31 AM,08:50 PM,06:53 AM,05:18 PM,-8,2,4,2,21,0,41,0.0,1026,4,10,34,10,california
2009-01-29 03:00:00,14,4,0.0,8.7,3,20,08:31 AM,08:50 PM,06:53 AM,05:18 PM,-5,2,5,2,29,0,47,0.0,1025,5,10,69,14,california
2009-01-29 06:00:00,14,4,0.0,8.7,3,20,08:31 AM,08:50 PM,06:53 AM,05:18 PM,-4,0,4,0,26,0,56,0.0,1028,4,10,36,14,california
2009-01-29 09:00:00,14,4,0.0,8.7,3,20,08:31 AM,08:50 PM,06:53 AM,05:18 PM,-6,9,11,9,21,0,29,0.0,1028,11,10,78,18,california
2009-01-29 12:00:00,14,4,0.0,8.7,3,20,08:31 AM,08:50 PM,06:53 AM,05:18 PM,-9,12,14,12,22,0,19,0.0,1026,14,10,69,19,california
2009-01-29 15:00:00,14,4,0.0,8.7,3,20,08:31 AM,08:50 PM,06:53 AM,05:18 PM,-10,14,14,14,20,0,17,0.0,1025,14,10,81,13,california
2009-01-29 18:00:00,14,4,0.0,8.7,3,20,08:31 AM,08:50 PM,06:53 AM,05:18 PM,-10,6,7,6,17,0,27,0.0,1027,7,10,52,8,california
2009-01-29 21:00:00,14,4,0.0,8.7,3,20,08:31 AM,08:50 PM,06:53 AM,05:18 PM,-9,6,8,6,24,0,28,0.0,1026,8,10,71,12,california
2009-01-30 00:00:00,17,5,0.0,8.7,3,27,08:57 AM,09:51 PM,06:52 AM,05:19 PM,-8,4,6,4,21,0,34,0.0,1028,6,10,33,10,california
2009-01-30 03:00:00,17,5,0.0,8.7,3,27,08:57 AM,09:51 PM,06:52 AM,05:19 PM,-3,4,5,4,12,0,55,0.0,1026,5,10,226,6,california
2009-01-30 06:00:00,17,5,0.0,8.7,3,27,08:57 AM,09:51 PM,06:52 AM,05:19 PM,-6,2,5,2,20,0,46,0.0,1028,5,10,31,9,california
2009-01-30 09:00:00,17,5,0.0,8.7,3,27,08:57 AM,09:51 PM,06:52 AM,05:19 PM,-5,12,13,12,11,0,28,0.0,1027,13,10,108,10,california
2009-01-30 12:00:00,17,5,0.0,8.7,3,27,08:57 AM,09:51 PM,06:52 AM,05:19 PM,-7,17,17,17,15,0,19,0.0,1024,17,10,74,13,california
2009-01-30 15:00:00,17,5,0.0,8.7,3,27,08:57 AM,09:51 PM,06:52 AM,05:19 PM,-7,16,16,16,7,0,21,0.0,1022,16,10,124,4,california
2009-01-30 18:00:00,17,5,0.0,8.7,3,27,08:57 AM,09:51 PM,06:52 AM,05:19 PM,-7,7,7,7,10,0,34,0.0,1023,7,10,94,5,california
2009-01-30 21:00:00,17,5,0.0,8.7,3,27,08:57 AM,09:51 PM,06:52 AM,05:19 PM,-0,4,5,4,8,0,70,0.0,1021,5,10,338,4,california
2009-01-31 00:00:00,20,4,0.0,8.7,4,31,09:24 AM,10:54 PM,06:51 AM,05:20 PM,-6,4,6,4,17,0,42,0.0,1021,6,10,354,8,california
2009-01-31 03:00:00,20,4,0.0,8.7,4,31,09:24 AM,10:54 PM,06:51 AM,05:20 PM,-5,3,5,3,17,0,50,0.0,1020,5,10,288,8,california
2009-01-31 06:00:00,20,4,0.0,8.7,4,31,09:24 AM,10:54 PM,06:51 AM,05:20 PM,-5,2,5,2,17,0,49,0.0,1021,4,10,346,8,california
2009-01-31 09:00:00,20,4,0.0,8.7,4,31,09:24 AM,10:54 PM,06:51 AM,05:20 PM,-4,15,15,15,5,0,26,0.0,1020,15,10,59,5,california
2009-01-31 12:00:00,20,4,0.0,8.7,4,31,09:24 AM,10:54 PM,06:51 AM,05:20 PM,-8,20,20,20,4,0,15,0.0,1018,20,10,66,3,california
2009-01-31 15:00:00,20,4,0.0,8.7,4,31,09:24 AM,10:54 PM,06:51 AM,05:20 PM,-7,17,17,17,9,0,18,0.0,1017,17,10,260,6,california
2009-01-31 18:00:00,20,4,0.0,8.7,4,31,09:24 AM,10:54 PM,06:51 AM,05:20 PM,-6,9,10,9,18,0,30,0.0,1018,10,10,307,9,california
2009-01-31 21:00:00,20,4,0.0,8.7,4,31,09:24 AM,10:54 PM,06:51 AM,05:20 PM,-4,6,8,6,17,0,44,0.0,1019,8,10,284,8,california
2009-02-01 00:00:00,17,4,0.0,8.7,3,43,09:54 AM,No moonset,06:51 AM,05:21 PM,-4,5,7,5,18,0,46,0.0,1019,6,10,309,9,california
2009-02-01 03:00:00,17,4,0.0,8.7,3,43,09:54 AM,No moonset,06:51 AM,05:21 PM,-3,4,5,4,11,2,59,0.0,1019,4,10,289,5,california
2009-02-01 06:00:00,17,4,0.0,8.7,3,43,09:54 AM,No moonset,06:51 AM,05:21 PM,-4,2,4,2,17,0,55,0.0,1022,4,10,354,8,california
2009-02-01 09:00:00,17,4,0.0,8.7,3,43,09:54 AM,No moonset,06:51 AM,05:21 PM,-6,10,12,10,20,0,29,0.0,1023,12,10,76,17,california
2009-02-01 12:00:00,17,4,0.0,8.7,3,43,09:54 AM,No moonset,06:51 AM,05:21 PM,-11,17,17,17,17,0,13,0.0,1020,17,10,84,14,california
2009-02-01 15:00:00,17,4,0.0,8.7,3,43,09:54 AM,No moonset,06:51 AM,05:21 PM,-12,14,15,14,21,0,14,0.0,1021,15,10,88,15,california
2009-02-01 18:00:00,17,4,0.0,8.7,3,43,09:54 AM,No moonset,06:51 AM,05:21 PM,-11,6,7,6,13,0,25,0.0,1023,7,10,57,6,california
2009-02-01 21:00:00,17,4,0.0,8.7,3,43,09:54 AM,No moonset,06:51 AM,05:21 PM,-8,5,5,5,8,0,38,0.0,1024,5,10,337,4,california
2009-02-02 00:00:00,17,4,0.0,8.7,3,50,10:29 AM,12:00 AM,06:50 AM,05:22 PM,-8,4,5,4,16,0,37,0.0,1025,5,10,10,8,california
2009-02-02 03:00:00,17,4,0.0,8.7,3,50,10:29 AM,12:00 AM,06:50 AM,05:22 PM,-2,3,4,3,10,0,67,0.0,1024,4,10,9,5,california
2009-02-02 06:00:00,17,4,0.0,8.7,3,50,10:29 AM,12:00 AM,06:50 AM,05:22 PM,-7,2,5,2,19,0,44,0.0,1026,4,10,28,9,california
2009-02-02 09:00:00,17,4,0.0,8.7,3,50,10:29 AM,12:00 AM,06:50 AM,05:22 PM,-7,12,13,12,14,0,23,0.0,1026,13,10,86,12,california
2009-02-02 12:00:00,17,4,0.0,8.7,3,50,10:29 AM,12:00 AM,06:50 AM,05:22 PM,-10,17,17,17,15,0,15,0.0,1023,17,10,76,13,california
2009-02-02 15:00:00,17,4,0.0,8.7,3,50,10:29 AM,12:00 AM,06:50 AM,05:22 PM,-9,17,17,17,8,0,17,0.0,1022,17,10,117,6,california
2009-02-02 18:00:00,17,4,0.0,8.7,3,50,10:29 AM,12:00 AM,06:50 AM,05:22 PM,-9,8,9,8,14,0,27,0.0,1022,9,10,57,7,california
2009-02-02 21:00:00,17,4,0.0,8.7,3,50,10:29 AM,12:00 AM,06:50 AM,05:22 PM,-9,6,7,6,14,0,32,0.0,1023,7,10,330,6,california
2009-02-03 00:00:00,19,5,0.0,8.7,4,58,11:12 AM,01:09 AM,06:49 AM,05:23 PM,-10,5,7,5,19,0,29,0.0,1023,7,10,24,9,california
2009-02-03 03:00:00,19,5,0.0,8.7,4,58,11:12 AM,01:09 AM,06:49 AM,05:23 PM,0,5,5,5,5,0,75,0.0,1021,5,10,330,2,california
2009-02-03 06:00:00,19,5,0.0,8.7,4,58,11:12 AM,01:09 AM,06:49 AM,05:23 PM,-9,4,6,4,21,0,32,0.0,1022,6,10,43,10,california
2009-02-03 09:00:00,19,5,0.0,8.7,4,58,11:12 AM,01:09 AM,06:49 AM,05:23 PM,-9,13,15,13,20,0,19,0.0,1022,15,10,73,18,california
2009-02-03 12:00:00,19,5,0.0,8.7,4,58,11:12 AM,01:09 AM,06:49 AM,05:23 PM,-9,19,19,19,19,0,15,0.0,1019,19,10,74,17,california
2009-02-03 15:00:00,19,5,0.0,8.7,4,58,11:12 AM,01:09 AM,06:49 AM,05:23 PM,-6,18,18,18,23,0,19,0.0,1017,18,10,82,16,california
2009-02-03 18:00:00,19,5,0.0,8.7,4,58,11:12 AM,01:09 AM,06:49 AM,05:23 PM,-5,11,12,11,21,0,31,0.0,1018,12,10,50,10,california
2009-02-03 21:00:00,19,5,0.0,8.7,4,58,11:12 AM,01:09 AM,06:49 AM,05:23 PM,-4,8,9,8,9,0,40,0.0,1018,9,10,30,4,california
2009-02-04 00:00:00,19,7,0.0,8.7,4,66,12:03 PM,02:19 AM,06:48 AM,05:24 PM,-4,8,9,8,20,2,37,0.0,1018,9,10,38,10,california
2009-02-04 03:00:00,19,7,0.0,8.7,4,66,12:03 PM,02:19 AM,06:48 AM,05:24 PM,-3,7,8,7,14,8,46,0.0,1017,8,10,86,6,california
2009-02-04 06:00:00,19,7,0.0,8.7,4,66,12:03 PM,02:19 AM,06:48 AM,05:24 PM,-5,5,7,5,22,2,41,0.0,1018,7,10,41,10,california
2009-02-04 09:00:00,19,7,0.0,8.7,4,66,12:03 PM,02:19 AM,06:48 AM,05:24 PM,-4,13,15,13,30,22,26,0.0,1019,15,10,88,25,california
2009-02-04 12:00:00,19,7,0.0,8.7,4,66,12:03 PM,02:19 AM,06:48 AM,05:24 PM,-7,19,19,19,16,49,17,0.0,1017,19,10,96,14,california
2009-02-04 15:00:00,19,7,0.0,8.7,4,66,12:03 PM,02:19 AM,06:48 AM,05:24 PM,-7,19,19,19,19,18,17,0.0,1016,19,10,118,13,california
2009-02-04 18:00:00,19,7,0.0,8.7,4,66,12:03 PM,02:19 AM,06:48 AM,05:24 PM,-7,10,11,10,10,24,29,0.0,1017,10,10,108,5,california
2009-02-04 21:00:00,19,7,0.0,8.7,4,66,12:03 PM,02:19 AM,06:48 AM,05:24 PM,-5,8,10,8,24,57,35,0.0,1017,10,10,116,12,california
2009-02-05 00:00:00,14,6,0.0,8.7,2,73,01:05 PM,03:27 AM,06:47 AM,05:25 PM,-6,7,8,7,11,79,37,0.0,1018,8,10,127,5,california
2009-02-05 03:00:00,14,6,0.0,8.7,2,73,01:05 PM,03:27 AM,06:47 AM,05:25 PM,-4,7,7,7,10,79,45,0.0,1015,7,10,94,5,california
2009-02-05 06:00:00,14,6,0.0,8.7,2,73,01:05 PM,03:27 AM,06:47 AM,05:25 PM,-3,6,7,6,15,5,49,0.0,1015,7,10,169,7,california
2009-02-05 09:00:00,14,6,0.0,8.7,2,73,01:05 PM,03:27 AM,06:47 AM,05:25 PM,-4,13,14,13,10,17,28,0.0,1016,14,10,191,8,california
2009-02-05 12:00:00,14,6,0.0,8.7,2,73,01:05 PM,03:27 AM,06:47 AM,05:25 PM,-1,11,12,11,21,44,38,0.1,1014,12,10,221,18,california
2009-02-05 15:00:00,14,6,0.0,8.7,2,73,01:05 PM,03:27 AM,06:47 AM,05:25 PM,3,5,7,5,16,59,73,0.0,1014,7,10,236,12,california
2009-02-05 18:00:00,14,6,0.0,8.7,2,73,01:05 PM,03:27 AM,06:47 AM,05:25 PM,4,5,7,5,10,41,81,1.8,1015,6,9,204,7,california
2009-02-05 21:00:00,14,6,0.0,8.7,2,73,01:05 PM,03:27 AM,06:47 AM,05:25 PM,5,5,7,5,11,82,89,0.0,1015,7,10,252,8,california
2009-02-06 00:00:00,9,6,0.0,5.6,2,81,02:15 PM,04:28 AM,06:46 AM,05:26 PM,5,5,6,5,9,83,93,0.3,1015,6,2,225,6,california
2009-02-06 03:00:00,9,6,0.0,5.6,2,81,02:15 PM,04:28 AM,06:46 AM,05:26 PM,6,7,7,7,6,71,93,0.0,1014,7,10,268,4,california
2009-02-06 06:00:00,9,6,0.0,5.6,2,81,02:15 PM,04:28 AM,06:46 AM,05:26 PM,6,6,7,6,12,93,93,1.6,1014,7,9,176,8,california
2009-02-06 09:00:00,9,6,0.0,5.6,2,81,02:15 PM,04:28 AM,06:46 AM,05:26 PM,6,7,8,7,15,94,88,0.0,1013,8,10,146,11,california
2009-02-06 12:00:00,9,6,0.0,5.6,2,81,02:15 PM,04:28 AM,06:46 AM,05:26 PM,6,6,9,6,23,76,82,1.5,1012,9,10,191,17,california
2009-02-06 15:00:00,9,6,0.0,5.6,2,81,02:15 PM,04:28 AM,06:46 AM,05:26 PM,5,5,8,5,29,52,80,0.0,1010,8,10,194,20,california
2009-02-06 18:00:00,9,6,0.0,5.6,2,81,02:15 PM,04:28 AM,06:46 AM,05:26 PM,5,4,7,4,16,79,88,1.4,1011,7,9,182,11,california
2009-02-06 21:00:00,9,6,0.0,5.6,2,81,02:15 PM,04:28 AM,06:46 AM,05:26 PM,5,6,6,6,6,95,93,0.0,1011,6,10,188,4,california
2009-02-07 00:00:00,10,3,0.0,8.7,2,88,03:30 PM,05:21 AM,06:46 AM,05:27 PM,4,5,6,5,5,51,93,0.7,1012,6,10,143,3,california
2009-02-07 03:00:00,10,3,0.0,8.7,2,88,03:30 PM,05:21 AM,06:46 AM,05:27 PM,3,2,4,2,13,22,94,0.0,1011,4,2,83,8,california
2009-02-07 06:00:00,10,3,0.0,8.7,2,88,03:30 PM,05:21 AM,06:46 AM,05:27 PM,2,1,3,1,10,29,96,0.0,1012,3,2,114,5,california
2009-02-07 09:00:00,10,3,0.0,8.7,2,88,03:30 PM,05:21 AM,06:46 AM,05:27 PM,1,5,7,5,12,27,65,0.0,1013,7,10,48,10,california
2009-02-07 12:00:00,10,3,0.0,8.7,2,88,03:30 PM,05:21 AM,06:46 AM,05:27 PM,0,9,10,9,12,18,50,0.3,1011,10,9,87,10,california
2009-02-07 15:00:00,10,3,0.0,8.7,2,88,03:30 PM,05:21 AM,06:46 AM,05:27 PM,1,7,9,7,10,27,58,0.0,1010,9,10,61,8,california
2009-02-07 18:00:00,10,3,0.0,8.7,2,88,03:30 PM,05:21 AM,06:46 AM,05:27 PM,1,5,5,5,5,45,78,0.7,1011,5,9,112,3,california
2009-02-07 21:00:00,10,3,0.0,8.7,2,88,03:30 PM,05:21 AM,06:46 AM,05:27 PM,2,3,3,3,4,22,91,0.0,1012,3,10,305,2,california
2009-02-08 00:00:00,7,2,0.0,5.6,2,96,04:45 PM,06:05 AM,06:45 AM,05:28 PM,1,1,3,1,13,18,90,0.0,1013,3,10,249,6,california
2009-02-08 03:00:00,7,2,0.0,5.6,2,96,04:45 PM,06:05 AM,06:45 AM,05:28 PM,2,1,3,1,12,51,95,0.0,1012,2,2,269,6,california
2009-02-08 06:00:00,7,2,0.0,5.6,2,96,04:45 PM,06:05 AM,06:45 AM,05:28 PM,2,0,3,0,15,64,93,0.4,1014,3,5,243,10,california
2009-02-08 09:00:00,7,2,0.0,5.6,2,96,04:45 PM,06:05 AM,06:45 AM,05:28 PM,3,3,5,3,16,75,84,0.0,1015,5,10,263,13,california
2009-02-08 12:00:00,7,2,0.0,5.6,2,96,04:45 PM,06:05 AM,06:45 AM,05:28 PM,4,3,6,3,21,70,82,0.2,1014,6,5,242,16,california
2009-02-08 15:00:00,7,2,0.0,5.6,2,96,04:45 PM,06:05 AM,06:45 AM,05:28 PM,4,3,7,3,32,56,82,0.0,1012,7,10,265,23,california
2009-02-08 18:00:00,7,2,0.0,5.6,2,96,04:45 PM,06:05 AM,06:45 AM,05:28 PM,4,3,6,3,22,70,87,0.1,1014,6,10,236,15,california
2009-02-08 21:00:00,7,2,0.0,5.6,2,96,04:45 PM,06:05 AM,06:45 AM,05:28 PM,4,1,6,1,37,85,89,0.0,1013,6,10,245,24,california
2009-02-09 00:00:00,5,-1,0.0,8.7,1,100,05:59 PM,06:43 AM,06:44 AM,05:29 PM,3,1,5,1,27,76,88,1.3,1012,5,9,213,20,california
2009-02-09 03:00:00,5,-1,0.0,8.7,1,100,05:59 PM,06:43 AM,06:44 AM,05:29 PM,2,-2,4,-2,41,72,87,0.0,1011,4,9,245,29,california
2009-02-09 06:00:00,5,-1,0.0,8.7,1,100,05:59 PM,06:43 AM,06:44 AM,05:29 PM,-1,-2,2,-2,25,30,83,2.0,1011,2,9,266,18,california
2009-02-09 09:00:00,5,-1,0.0,8.7,1,100,05:59 PM,06:43 AM,06:44 AM,05:29 PM,-2,-1,3,-1,17,49,72,0.0,1012,3,10,263,15,california
2009-02-09 12:00:00,5,-1,0.0,8.7,1,100,05:59 PM,06:43 AM,06:44 AM,05:29 PM,-1,-1,3,-1,16,51,76,0.7,1010,3,9,276,14,california
2009-02-09 15:00:00,5,-1,0.0,8.7,1,100,05:59 PM,06:43 AM,06:44 AM,05:29 PM,-3,-2,3,-2,32,4,64,0.0,1010,3,10,289,23,california
2009-02-09 18:00:00,5,-1,0.0,8.7,1,100,05:59 PM,06:43 AM,06:44 AM,05:29 PM,-6,-7,-1,-7,34,2,69,0.0,1013,-1,10,295,23,california
2009-02-09 21:00:00,5,-1,0.0,8.7,1,100,05:59 PM,06:43 AM,06:44 AM,05:29 PM,-5,-6,-1,-6,35,0,73,0.0,1015,-1,10,287,20,california
2009-02-10 00:00:00,9,-3,0.0,8.7,2,89,07:09 PM,07:15 AM,06:43 AM,05:30 PM,-6,-7,-2,-7,23,0,75,0.0,1018,-2,10,291,15,california
2009-02-10 03:00:00,9,-3,0.0,8.7,2,89,07:09 PM,07:15 AM,06:43 AM,05:30 PM,-5,-6,-1,-6,22,0,79,0.0,1018,-1,10,260,13,california
2009-02-10 06:00:00,9,-3,0.0,8.7,2,89,07:09 PM,07:15 AM,06:43 AM,05:30 PM,-6,-6,-3,-6,16,0,80,0.0,1022,-3,10,290,9,california
2009-02-10 09:00:00,9,-3,0.0,8.7,2,89,07:09 PM,07:15 AM,06:43 AM,05:30 PM,-6,3,4,3,7,0,48,0.0,1022,4,10,305,6,california
2009-02-10 12:00:00,9,-3,0.0,8.7,2,89,07:09 PM,07:15 AM,06:43 AM,05:30 PM,-5,8,9,8,7,3,36,0.0,1020,9,10,287,6,california
2009-02-10 15:00:00,9,-3,0.0,8.7,2,89,07:09 PM,07:15 AM,06:43 AM,05:30 PM,-3,4,7,4,19,3,49,0.0,1020,7,10,271,14,california
2009-02-10 18:00:00,9,-3,0.0,8.7,2,89,07:09 PM,07:15 AM,06:43 AM,05:30 PM,-2,-2,2,-2,22,7,75,0.0,1022,2,10,271,13,california
2009-02-10 21:00:00,9,-3,0.0,8.7,2,89,07:09 PM,07:15 AM,06:43 AM,05:30 PM,-3,-3,0,-3,21,10,78,0.0,1023,0,10,274,10,california
2009-02-11 00:00:00,8,-1,0.0,8.7,2,82,08:15 PM,07:45 AM,06:42 AM,05:31 PM,-5,-4,-1,-4,22,10,71,0.0,1022,-1,10,272,10,california
2009-02-11 03:00:00,8,-1,0.0,8.7,2,82,08:15 PM,07:45 AM,06:42 AM,05:31 PM,-5,-4,-1,-4,20,6,72,0.0,1023,-1,10,285,9,california
2009-02-11 06:00:00,8,-1,0.0,8.7,2,82,08:15 PM,07:45 AM,06:42 AM,05:31 PM,-6,-5,-1,-5,21,5,72,0.0,1023,-1,10,275,10,california
2009-02-11 09:00:00,8,-1,0.0,8.7,2,82,08:15 PM,07:45 AM,06:42 AM,05:31 PM,-2,2,6,2,20,18,59,0.0,1022,6,10,282,17,california
2009-02-11 12:00:00,8,-1,0.0,8.7,2,82,08:15 PM,07:45 AM,06:42 AM,05:31 PM,0,5,8,5,17,46,58,0.0,1018,8,10,257,15,california
2009-02-11 15:00:00,8,-1,0.0,8.7,2,82,08:15 PM,07:45 AM,06:42 AM,05:31 PM,0,3,6,3,24,23,65,0.0,1017,6,10,272,18,california
2009-02-11 18:00:00,8,-1,0.0,8.7,2,82,08:15 PM,07:45 AM,06:42 AM,05:31 PM,0,-0,3,-0,16,22,84,0.0,1018,3,10,258,10,california
2009-02-11 21:00:00,8,-1,0.0,8.7,2,82,08:15 PM,07:45 AM,06:42 AM,05:31 PM,1,-1,2,-1,23,25,90,0.0,1019,2,10,278,14,california
2009-02-12 00:00:00,7,-0,0.0,8.7,2,74,09:21 PM,08:13 AM,06:41 AM,05:32 PM,-0,-2,1,-2,17,39,91,0.0,1019,1,10,276,11,california
2009-02-12 03:00:00,7,-0,0.0,8.7,2,74,09:21 PM,08:13 AM,06:41 AM,05:32 PM,-0,-4,1,-4,27,37,91,0.0,1019,1,10,280,18,california
2009-02-12 06:00:00,7,-0,0.0,8.7,2,74,09:21 PM,08:13 AM,06:41 AM,05:32 PM,-2,-4,0,-4,20,28,88,0.1,1020,-0,10,275,14,california
2009-02-12 09:00:00,7,-0,0.0,8.7,2,74,09:21 PM,08:13 AM,06:41 AM,05:32 PM,-3,-1,3,-1,26,6,65,0.0,1021,3,10,278,23,california
2009-02-12 12:00:00,7,-0,0.0,8.7,2,74,09:21 PM,08:13 AM,06:41 AM,05:32 PM,-2,4,7,4,19,6,52,0.0,1019,7,10,277,17,california
2009-02-12 15:00:00,7,-0,0.0,8.7,2,74,09:21 PM,08:13 AM,06:41 AM,05:32 PM,-2,2,6,2,33,2,56,0.0,1019,6,10,276,24,california
2009-02-12 18:00:00,7,-0,0.0,8.7,2,74,09:21 PM,08:13 AM,06:41 AM,05:32 PM,-2,-2,1,-2,18,0,80,0.0,1021,1,10,290,10,california
2009-02-12 21:00:00,7,-0,0.0,8.7,2,74,09:21 PM,08:13 AM,06:41 AM,05:32 PM,-3,-3,-0,-3,16,4,84,0.0,1022,-0,10,296,8,california
2009-02-13 00:00:00,4,-2,0.2,4.1,2,67,10:24 PM,08:41 AM,06:40 AM,05:33 PM,-5,-4,-1,-4,14,20,76,0.0,1022,-1,10,273,7,california
2009-02-13 03:00:00,4,-2,0.2,4.1,2,67,10:24 PM,08:41 AM,06:40 AM,05:33 PM,-6,-4,-2,-4,10,6,76,0.0,1021,-2,10,296,5,california
2009-02-13 06:00:00,4,-2,0.2,4.1,2,67,10:24 PM,08:41 AM,06:40 AM,05:33 PM,-6,-5,-2,-5,15,45,75,0.0,1020,-2,10,236,7,california
2009-02-13 09:00:00,4,-2,0.2,4.1,2,67,10:24 PM,08:41 AM,06:40 AM,05:33 PM,-1,3,4,3,8,70,70,0.0,1019,4,10,202,7,california
2009-02-13 12:00:00,4,-2,0.2,4.1,2,67,10:24 PM,08:41 AM,06:40 AM,05:33 PM,-1,0,4,0,19,68,74,1.3,1016,4,9,222,14,california
2009-02-13 15:00:00,4,-2,0.2,4.1,2,67,10:24 PM,08:41 AM,06:40 AM,05:33 PM,0,-4,2,-4,31,69,91,0.0,1016,2,10,291,21,california
2009-02-13 18:00:00,4,-2,0.2,4.1,2,67,10:24 PM,08:41 AM,06:40 AM,05:33 PM,-1,-3,1,-3,17,12,85,0.2,1017,1,7,260,12,california
2009-02-13 21:00:00,4,-2,0.2,4.1,2,67,10:24 PM,08:41 AM,06:40 AM,05:33 PM,-3,-5,-2,-5,18,22,92,0.0,1018,-2,10,275,10,california
2009-02-14 00:00:00,8,-2,0.0,8.7,2,59,11:27 PM,09:12 AM,06:39 AM,05:34 PM,-3,-6,-2,-6,19,24,92,0.0,1020,-2,10,260,11,california
2009-02-14 03:00:00,8,-2,0.0,8.7,2,59,11:27 PM,09:12 AM,06:39 AM,05:34 PM,-3,-6,-2,-6,19,28,94,0.0,1019,-2,10,280,10,california
2009-02-14 06:00:00,8,-2,0.0,8.7,2,59,11:27 PM,09:12 AM,06:39 AM,05:34 PM,-4,-6,-3,-6,18,19,91,0.0,1021,-2,10,279,10,california
2009-02-14 09:00:00,8,-2,0.0,8.7,2,59,11:27 PM,09:12 AM,06:39 AM,05:34 PM,-3,5,5,5,3,12,57,0.0,1020,5,10,292,3,california
2009-02-14 12:00:00,8,-2,0.0,8.7,2,59,11:27 PM,09:12 AM,06:39 AM,05:34 PM,-3,7,8,7,8,11,45,0.0,1018,8,10,230,7,california
2009-02-14 15:00:00,8,-2,0.0,8.7,2,59,11:27 PM,09:12 AM,06:39 AM,05:34 PM,-2,6,7,6,11,11,52,0.0,1017,7,10,206,8,california
2009-02-14 18:00:00,8,-2,0.0,8.7,2,59,11:27 PM,09:12 AM,06:39 AM,05:34 PM,-1,-1,2,-1,14,10,82,0.0,1019,2,10,224,7,california
2009-02-14 21:00:00,8,-2,0.0,8.7,2,59,11:27 PM,09:12 AM,06:39 AM,05:34 PM,-1,-2,-1,-2,10,19,94,0.0,1019,-1,2,228,5,california
2009-02-15 00:00:00,8,-2,0.0,8.7,1,51,No moonrise,09:45 AM,06:38 AM,05:35 PM,-1,-2,-1,-2,7,17,98,0.0,1020,-1,0,156,3,california
2009-02-15 03:00:00,8,-2,0.0,8.7,1,51,No moonrise,09:45 AM,06:38 AM,05:35 PM,-2,-2,-2,-2,2,12,98,0.0,1019,-2,0,84,1,california
2009-02-15 06:00:00,8,-2,0.0,8.7,1,51,No moonrise,09:45 AM,06:38 AM,05:35 PM,-2,-3,-1,-3,9,12,97,0.0,1018,-1,2,110,4,california
2009-02-15 09:00:00,8,-2,0.0,8.7,1,51,No moonrise,09:45 AM,06:38 AM,05:35 PM,-0,2,5,2,12,32,70,0.0,1018,5,10,108,10,california
2009-02-15 12:00:00,8,-2,0.0,8.7,1,51,No moonrise,09:45 AM,06:38 AM,05:35 PM,-1,7,8,7,10,8,52,0.0,1014,8,10,134,9,california
2009-02-15 15:00:00,8,-2,0.0,8.7,1,51,No moonrise,09:45 AM,06:38 AM,05:35 PM,-0,7,8,7,9,11,55,0.0,1012,8,10,122,6,california
2009-02-15 18:00:00,8,-2,0.0,8.7,1,51,No moonrise,09:45 AM,06:38 AM,05:35 PM,-1,2,3,2,9,11,76,0.0,1013,3,10,129,4,california
2009-02-15 21:00:00,8,-2,0.0,8.7,1,51,No moonrise,09:45 AM,06:38 AM,05:35 PM,0,1,1,1,6,16,95,0.0,1012,1,2,145,3,california
2009-02-16 00:00:00,4,1,2.3,4.1,1,44,12:28 AM,10:22 AM,06:36 AM,05:36 PM,1,-1,1,-1,14,100,98,0.0,1012,1,0,128,7,california
2009-02-16 03:00:00,4,1,2.3,4.1,1,44,12:28 AM,10:22 AM,06:36 AM,05:36 PM,1,-3,2,-3,27,60,92,0.0,1010,2,10,95,17,california
2009-02-16 06:00:00,4,1,2.3,4.1,1,44,12:28 AM,10:22 AM,06:36 AM,05:36 PM,-0,-1,1,-1,10,49,93,2.7,1010,1,5,95,6,california
2009-02-16 09:00:00,4,1,2.3,4.1,1,44,12:28 AM,10:22 AM,06:36 AM,05:36 PM,-0,-3,1,-3,15,79,92,0.0,1010,1,10,55,11,california
2009-02-16 12:00:00,4,1,2.3,4.1,1,44,12:28 AM,10:22 AM,06:36 AM,05:36 PM,1,2,2,2,2,86,94,2.7,1010,2,6,114,1,california
2009-02-16 15:00:00,4,1,2.3,4.1,1,44,12:28 AM,10:22 AM,06:36 AM,05:36 PM,3,-0,4,-0,26,91,95,0.0,1009,4,9,232,17,california
2009-02-16 18:00:00,4,1,2.3,4.1,1,44,12:28 AM,10:22 AM,06:36 AM,05:36 PM,2,0,4,0,21,80,91,0.7,1013,4,10,235,14,california
2009-02-16 21:00:00,4,1,2.3,4.1,1,44,12:28 AM,10:22 AM,06:36 AM,05:36 PM,2,-1,3,-1,28,54,92,0.0,1014,3,10,270,18,california
2009-02-17 00:00:00,7,1,0.0,5.7,2,36,01:27 AM,11:05 AM,06:35 AM,05:37 PM,1,-1,2,-1,17,35,93,0.0,1017,2,10,230,10,california
2009-02-17 03:00:00,7,1,0.0,5.7,2,36,01:27 AM,11:05 AM,06:35 AM,05:37 PM,1,-3,2,-3,28,65,98,0.0,1016,1,10,250,17,california
2009-02-17 06:00:00,7,1,0.0,5.7,2,36,01:27 AM,11:05 AM,06:35 AM,05:37 PM,1,-1,1,-1,11,83,98,0.2,1019,1,9,212,6,california
2009-02-17 09:00:00,7,1,0.0,5.7,2,36,01:27 AM,11:05 AM,06:35 AM,05:37 PM,2,1,4,1,18,73,85,0.0,1019,4,10,245,14,california
2009-02-17 12:00:00,7,1,0.0,5.7,2,36,01:27 AM,11:05 AM,06:35 AM,05:37 PM,2,4,7,4,17,81,72,0.3,1018,7,10,215,14,california
2009-02-17 15:00:00,7,1,0.0,5.7,2,36,01:27 AM,11:05 AM,06:35 AM,05:37 PM,3,4,7,4,21,32,77,0.0,1018,6,10,245,15,california
2009-02-17 18:00:00,7,1,0.0,5.7,2,36,01:27 AM,11:05 AM,06:35 AM,05:37 PM,2,1,4,1,15,28,91,0.3,1021,4,9,242,9,california
2009-02-17 21:00:00,7,1,0.0,5.7,2,36,01:27 AM,11:05 AM,06:35 AM,05:37 PM,2,-1,2,-1,20,100,97,0.0,1022,2,0,275,10,california
2009-02-18 00:00:00,10,-0,0.0,8.7,1,29,02:23 AM,11:53 AM,06:34 AM,05:38 PM,0,-1,1,-1,14,44,97,0.0,1023,1,2,278,7,california
2009-02-18 03:00:00,10,-0,0.0,8.7,1,29,02:23 AM,11:53 AM,06:34 AM,05:38 PM,-0,-2,0,-2,18,23,97,0.0,1025,0,2,263,9,california
2009-02-18 06:00:00,10,-0,0.0,8.7,1,29,02:23 AM,11:53 AM,06:34 AM,05:38 PM,-1,-2,-0,-2,13,6,93,0.0,1026,-0,10,332,6,california
2009-02-18 09:00:00,10,-0,0.0,8.7,1,29,02:23 AM,11:53 AM,06:34 AM,05:38 PM,-0,5,7,5,11,3,61,0.0,1026,7,10,86,9,california
2009-02-18 12:00:00,10,-0,0.0,8.7,1,29,02:23 AM,11:53 AM,06:34 AM,05:38 PM,-0,9,10,9,13,6,48,0.0,1023,10,10,74,12,california
2009-02-18 15:00:00,10,-0,0.0,8.7,1,29,02:23 AM,11:53 AM,06:34 AM,05:38 PM,-0,8,10,8,16,7,50,0.0,1023,10,10,81,12,california
2009-02-18 18:00:00,10,-0,0.0,8.7,1,29,02:23 AM,11:53 AM,06:34 AM,05:38 PM,-0,3,5,3,17,3,69,0.0,1023,5,10,53,8,california
2009-02-18 21:00:00,10,-0,0.0,8.7,1,29,02:23 AM,11:53 AM,06:34 AM,05:38 PM,0,2,4,2,16,2,80,0.0,1025,4,10,20,8,california
2009-02-19 00:00:00,12,2,0.0,8.7,3,21,03:13 AM,12:46 PM,06:33 AM,05:39 PM,-1,0,3,0,21,0,76,0.0,1025,3,10,28,10,california
2009-02-19 03:00:00,12,2,0.0,8.7,3,21,03:13 AM,12:46 PM,06:33 AM,05:39 PM,0,0,3,0,20,0,85,0.0,1024,3,10,351,9,california
2009-02-19 06:00:00,12,2,0.0,8.7,3,21,03:13 AM,12:46 PM,06:33 AM,05:39 PM,-1,-1,2,-1,23,0,76,0.0,1026,2,10,39,11,california
2009-02-19 09:00:00,12,2,0.0,8.7,3,21,03:13 AM,12:46 PM,06:33 AM,05:39 PM,-2,7,10,7,18,0,44,0.0,1025,10,10,69,15,california
2009-02-19 12:00:00,12,2,0.0,8.7,3,21,03:13 AM,12:46 PM,06:33 AM,05:39 PM,-4,10,12,10,17,0,31,0.0,1022,12,10,69,15,california
2009-02-19 15:00:00,12,2,0.0,8.7,3,21,03:13 AM,12:46 PM,06:33 AM,05:39 PM,-3,11,12,11,14,0,34,0.0,1022,12,10,77,10,california
2009-02-19 18:00:00,12,2,0.0,8.7,3,21,03:13 AM,12:46 PM,06:33 AM,05:39 PM,-4,4,6,4,19,0,47,0.0,1022,6,10,38,9,california
2009-02-19 21:00:00,12,2,0.0,8.7,3,21,03:13 AM,12:46 PM,06:33 AM,05:39 PM,-4,3,4,3,14,0,55,0.0,1022,4,10,334,6,california
2009-02-20 00:00:00,16,3,0.0,8.7,3,14,03:58 AM,01:43 PM,06:32 AM,05:40 PM,-5,1,3,1,17,0,53,0.0,1021,3,10,0,8,california
2009-02-20 03:00:00,16,3,0.0,8.7,3,14,03:58 AM,01:43 PM,06:32 AM,05:40 PM,-3,1,4,1,26,32,58,0.0,1021,4,10,290,12,california
2009-02-20 06:00:00,16,3,0.0,8.7,3,14,03:58 AM,01:43 PM,06:32 AM,05:40 PM,-4,0,3,0,18,32,60,0.0,1022,3,10,346,9,california
2009-02-20 09:00:00,16,3,0.0,8.7,3,14,03:58 AM,01:43 PM,06:32 AM,05:40 PM,-2,12,12,12,3,44,38,0.0,1022,12,10,58,3,california
2009-02-20 12:00:00,16,3,0.0,8.7,3,14,03:58 AM,01:43 PM,06:32 AM,05:40 PM,-4,16,16,16,7,49,24,0.0,1019,16,10,62,6,california
2009-02-20 15:00:00,16,3,0.0,8.7,3,14,03:58 AM,01:43 PM,06:32 AM,05:40 PM,-3,15,15,15,1,53,30,0.0,1018,15,10,75,1,california
2009-02-20 18:00:00,16,3,0.0,8.7,3,14,03:58 AM,01:43 PM,06:32 AM,05:40 PM,-3,7,8,7,14,72,44,0.0,1017,8,10,55,6,california
2009-02-20 21:00:00,16,3,0.0,8.7,3,14,03:58 AM,01:43 PM,06:32 AM,05:40 PM,0,6,6,6,4,15,69,0.0,1019,6,10,4,2,california
2009-02-21 00:00:00,15,5,0.0,8.7,3,6,04:37 AM,02:41 PM,06:31 AM,05:41 PM,-2,4,6,4,17,21,57,0.0,1019,6,10,10,8,california
2009-02-21 03:00:00,15,5,0.0,8.7,3,6,04:37 AM,02:41 PM,06:31 AM,05:41 PM,-0,4,5,4,10,5,70,0.0,1019,5,10,347,5,california
2009-02-21 06:00:00,15,5,0.0,8.7,3,6,04:37 AM,02:41 PM,06:31 AM,05:41 PM,-0,4,6,4,16,12,65,0.0,1020,6,10,27,8,california
2009-02-21 09:00:00,15,5,0.0,8.7,3,6,04:37 AM,02:41 PM,06:31 AM,05:41 PM,0,9,10,9,8,28,50,0.0,1021,10,10,61,6,california
2009-02-21 12:00:00,15,5,0.0,8.7,3,6,04:37 AM,02:41 PM,06:31 AM,05:41 PM,-1,15,15,15,8,29,33,0.0,1018,15,10,75,7,california
2009-02-21 15:00:00,15,5,0.0,8.7,3,6,04:37 AM,02:41 PM,06:31 AM,05:41 PM,-0,14,14,14,8,47,37,0.0,1018,14,10,118,5,california
2009-02-21 18:00:00,15,5,0.0,8.7,3,6,04:37 AM,02:41 PM,06:31 AM,05:41 PM,0,9,10,9,11,63,51,0.0,1019,10,10,19,5,california
2009-02-21 21:00:00,15,5,0.0,8.7,3,6,04:37 AM,02:41 PM,06:31 AM,05:41 PM,1,9,9,9,6,46,58,0.0,1020,9,10,82,3,california
2009-02-22 00:00:00,15,8,0.0,8.7,4,0,05:11 AM,03:42 PM,06:30 AM,05:42 PM,2,9,9,9,8,55,62,0.1,1020,9,10,192,4,california
2009-02-22 03:00:00,15,8,0.0,8.7,4,0,05:11 AM,03:42 PM,06:30 AM,05:42 PM,6,8,8,8,7,46,87,0.0,1020,8,10,212,3,california
2009-02-22 06:00:00,15,8,0.0,8.7,4,0,05:11 AM,03:42 PM,06:30 AM,05:42 PM,6,7,8,7,13,29,85,0.0,1020,8,10,252,6,california
2009-02-22 09:00:00,15,8,0.0,8.7,4,0,05:11 AM,03:42 PM,06:30 AM,05:42 PM,6,11,11,11,7,47,70,0.0,1021,11,10,55,5,california
2009-02-22 12:00:00,15,8,0.0,8.7,4,0,05:11 AM,03:42 PM,06:30 AM,05:42 PM,6,15,15,15,8,46,55,0.0,1019,15,10,251,7,california
2009-02-22 15:00:00,15,8,0.0,8.7,4,0,05:11 AM,03:42 PM,06:30 AM,05:42 PM,8,13,13,13,8,48,75,0.0,1018,13,10,103,4,california
2009-02-22 18:00:00,15,8,0.0,8.7,4,0,05:11 AM,03:42 PM,06:30 AM,05:42 PM,9,11,11,11,9,64,86,1.6,1020,11,9,280,5,california
2009-02-22 21:00:00,15,8,0.0,8.7,4,0,05:11 AM,03:42 PM,06:30 AM,05:42 PM,9,10,11,10,12,64,92,0.0,1020,11,10,80,6,california
2009-02-23 00:00:00,17,9,0.0,8.7,3,0,05:42 AM,04:41 PM,06:28 AM,05:43 PM,9,10,10,10,2,63,93,0.7,1019,10,5,60,1,california
2009-02-23 03:00:00,17,9,0.0,8.7,3,0,05:42 AM,04:41 PM,06:28 AM,05:43 PM,9,10,10,10,6,48,93,0.0,1019,10,10,192,3,california
2009-02-23 06:00:00,17,9,0.0,8.7,3,0,05:42 AM,04:41 PM,06:28 AM,05:43 PM,9,9,10,9,10,45,94,1.2,1020,10,9,258,5,california
2009-02-23 09:00:00,17,9,0.0,8.7,3,0,05:42 AM,04:41 PM,06:28 AM,05:43 PM,11,13,13,13,5,33,90,0.0,1021,13,10,207,5,california
2009-02-23 12:00:00,17,9,0.0,8.7,3,0,05:42 AM,04:41 PM,06:28 AM,05:43 PM,8,17,17,17,15,29,58,0.0,1020,17,10,241,13,california
2009-02-23 15:00:00,17,9,0.0,8.7,3,0,05:42 AM,04:41 PM,06:28 AM,05:43 PM,8,16,16,16,16,24,60,0.0,1019,16,10,242,12,california
2009-02-23 18:00:00,17,9,0.0,8.7,3,0,05:42 AM,04:41 PM,06:28 AM,05:43 PM,7,10,11,10,17,9,79,0.0,1020,11,10,265,9,california
2009-02-23 21:00:00,17,9,0.0,8.7,3,0,05:42 AM,04:41 PM,06:28 AM,05:43 PM,7,7,9,7,37,8,82,0.0,1021,9,10,266,18,california
2009-02-24 00:00:00,18,6,0.0,8.7,4,0,06:09 AM,05:42 PM,06:27 AM,05:44 PM,5,6,8,6,23,2,81,0.0,1021,8,10,282,11,california
2009-02-24 03:00:00,18,6,0.0,8.7,4,0,06:09 AM,05:42 PM,06:27 AM,05:44 PM,4,3,7,3,35,0,86,0.0,1020,6,10,276,17,california
2009-02-24 06:00:00,18,6,0.0,8.7,4,0,06:09 AM,05:42 PM,06:27 AM,05:44 PM,3,3,6,3,21,0,85,0.0,1021,6,10,280,10,california
2009-02-24 09:00:00,18,6,0.0,8.7,4,0,06:09 AM,05:42 PM,06:27 AM,05:44 PM,4,14,14,14,5,11,52,0.0,1020,13,10,286,4,california
2009-02-24 12:00:00,18,6,0.0,8.7,4,0,06:09 AM,05:42 PM,06:27 AM,05:44 PM,3,18,18,18,14,0,39,0.0,1018,18,10,260,12,california
2009-02-24 15:00:00,18,6,0.0,8.7,4,0,06:09 AM,05:42 PM,06:27 AM,05:44 PM,4,16,16,16,17,32,46,0.0,1017,16,10,245,11,california
2009-02-24 18:00:00,18,6,0.0,8.7,4,0,06:09 AM,05:42 PM,06:27 AM,05:44 PM,4,10,11,10,17,1,64,0.0,1017,11,10,263,9,california
2009-02-24 21:00:00,18,6,0.0,8.7,4,0,06:09 AM,05:42 PM,06:27 AM,05:44 PM,3,6,8,6,19,0,70,0.0,1017,8,10,251,9,california
2009-02-25 00:00:00,13,5,0.0,8.7,3,1,06:35 AM,06:42 PM,06:26 AM,05:44 PM,1,5,6,5,18,0,68,0.0,1017,6,10,256,9,california
2009-02-25 03:00:00,13,5,0.0,8.7,3,1,06:35 AM,06:42 PM,06:26 AM,05:44 PM,1,3,6,3,25,0,74,0.0,1017,6,10,268,12,california
2009-02-25 06:00:00,13,5,0.0,8.7,3,1,06:35 AM,06:42 PM,06:26 AM,05:44 PM,2,2,5,2,22,2,84,0.0,1019,5,10,268,13,california
2009-02-25 09:00:00,13,5,0.0,8.7,3,1,06:35 AM,06:42 PM,06:26 AM,05:44 PM,4,7,10,7,23,3,68,0.0,1019,9,10,270,20,california
2009-02-25 12:00:00,13,5,0.0,8.7,3,1,06:35 AM,06:42 PM,06:26 AM,05:44 PM,3,11,13,11,22,12,51,0.0,1018,13,10,257,19,california
2009-02-25 15:00:00,13,5,0.0,8.7,3,1,06:35 AM,06:42 PM,06:26 AM,05:44 PM,3,10,12,10,22,6,55,0.0,1017,12,10,263,19,california
2009-02-25 18:00:00,13,5,0.0,8.7,3,1,06:35 AM,06:42 PM,06:26 AM,05:44 PM,3,4,7,4,22,2,73,0.0,1019,7,10,266,13,california
2009-02-25 21:00:00,13,5,0.0,8.7,3,1,06:35 AM,06:42 PM,06:26 AM,05:44 PM,2,3,6,3,23,66,78,0.0,1020,6,10,291,13,california
2009-02-26 00:00:00,14,4,0.0,8.7,3,9,07:01 AM,07:44 PM,06:25 AM,05:45 PM,0,2,5,2,25,5,72,0.0,1020,5,10,278,15,california
2009-02-26 03:00:00,14,4,0.0,8.7,3,9,07:01 AM,07:44 PM,06:25 AM,05:45 PM,1,2,5,2,19,33,77,0.0,1021,5,10,271,12,california
2009-02-26 06:00:00,14,4,0.0,8.7,3,9,07:01 AM,07:44 PM,06:25 AM,05:45 PM,0,0,4,0,26,32,75,0.0,1021,4,10,284,16,california
2009-02-26 09:00:00,14,4,0.0,8.7,3,9,07:01 AM,07:44 PM,06:25 AM,05:45 PM,-0,9,10,9,9,3,48,0.0,1021,10,10,227,8,california
2009-02-26 12:00:00,14,4,0.0,8.7,3,9,07:01 AM,07:44 PM,06:25 AM,05:45 PM,0,13,14,13,20,3,38,0.0,1018,14,10,271,17,california
2009-02-26 15:00:00,14,4,0.0,8.7,3,9,07:01 AM,07:44 PM,06:25 AM,05:45 PM,-0,10,12,10,27,0,42,0.0,1017,12,10,274,22,california
2009-02-26 18:00:00,14,4,0.0,8.7,3,9,07:01 AM,07:44 PM,06:25 AM,05:45 PM,0,5,8,5,24,3,60,0.0,1019,8,10,267,15,california
2009-02-26 21:00:00,14,4,0.0,8.7,3,9,07:01 AM,07:44 PM,06:25 AM,05:45 PM,0,3,6,3,26,4,66,0.0,1019,6,10,284,16,california
2009-02-27 00:00:00,17,4,0.0,8.7,3,16,07:29 AM,08:47 PM,06:23 AM,05:46 PM,-0,2,5,2,26,18,68,0.0,1020,5,10,286,16,california
2009-02-27 03:00:00,17,4,0.0,8.7,3,16,07:29 AM,08:47 PM,06:23 AM,05:46 PM,2,1,5,1,30,33,81,0.0,1020,5,10,262,17,california
2009-02-27 06:00:00,17,4,0.0,8.7,3,16,07:29 AM,08:47 PM,06:23 AM,05:46 PM,2,1,4,1,20,17,84,0.0,1021,4,10,298,12,california
2009-02-27 09:00:00,17,4,0.0,8.7,3,16,07:29 AM,08:47 PM,06:23 AM,05:46 PM,0,13,13,13,2,13,43,0.0,1021,12,10,21,2,california
2009-02-27 12:00:00,17,4,0.0,8.7,3,16,07:29 AM,08:47 PM,06:23 AM,05:46 PM,-1,17,17,17,7,47,30,0.0,1019,17,10,63,6,california
2009-02-27 15:00:00,17,4,0.0,8.7,3,16,07:29 AM,08:47 PM,06:23 AM,05:46 PM,-1,16,16,16,5,14,33,0.0,1018,15,10,111,4,california
2009-02-27 18:00:00,17,4,0.0,8.7,3,16,07:29 AM,08:47 PM,06:23 AM,05:46 PM,-0,9,10,9,14,8,49,0.0,1019,10,10,35,6,california
2009-02-27 21:00:00,17,4,0.0,8.7,3,16,07:29 AM,08:47 PM,06:23 AM,05:46 PM,0,7,9,7,23,0,54,0.0,1021,9,10,44,11,california
2009-02-28 00:00:00,17,6,0.0,7.2,4,24,07:58 AM,09:53 PM,06:22 AM,05:47 PM,-1,6,7,6,17,4,56,0.0,1021,7,10,32,8,california
2009-02-28 03:00:00,17,6,0.0,7.2,4,24,07:58 AM,09:53 PM,06:22 AM,05:47 PM,-1,6,6,6,5,42,63,0.0,1020,6,10,67,2,california
2009-02-28 06:00:00,17,6,0.0,7.2,4,24,07:58 AM,09:53 PM,06:22 AM,05:47 PM,-2,6,8,6,21,75,50,0.0,1021,8,10,41,10,california
2009-02-28 09:00:00,17,6,0.0,7.2,4,24,07:58 AM,09:53 PM,06:22 AM,05:47 PM,-2,13,14,13,17,43,34,0.0,1022,14,10,70,15,california
2009-02-28 12:00:00,17,6,0.0,7.2,4,24,07:58 AM,09:53 PM,06:22 AM,05:47 PM,-4,17,17,17,19,72,24,0.0,1020,17,10,69,16,california
2009-02-28 15:00:00,17,6,0.0,7.2,4,24,07:58 AM,09:53 PM,06:22 AM,05:47 PM,-5,17,17,17,16,57,23,0.0,1019,17,10,69,12,california
2009-02-28 18:00:00,17,6,0.0,7.2,4,24,07:58 AM,09:53 PM,06:22 AM,05:47 PM,-5,11,12,11,22,62,29,0.0,1020,12,10,39,12,california
2009-02-28 21:00:00,17,6,0.0,7.2,4,24,07:58 AM,09:53 PM,06:22 AM,05:47 PM,-5,9,10,9,19,79,33,0.0,1020,10,10,65,9,california
2009-03-01 00:00:00,23,8,0.0,8.7,3,30,08:31 AM,11:01 PM,06:21 AM,05:48 PM,-6,8,9,8,17,100,34,0.0,1020,9,10,37,8,california
2009-03-01 03:00:00,23,8,0.0,8.7,3,30,08:31 AM,11:01 PM,06:21 AM,05:48 PM,-4,7,9,7,26,79,41,0.0,1019,9,10,89,13,california
2009-03-01 06:00:00,23,8,0.0,8.7,3,30,08:31 AM,11:01 PM,06:21 AM,05:48 PM,-4,7,8,7,16,62,41,0.0,1019,8,10,38,8,california
2009-03-01 09:00:00,23,8,0.0,8.7,3,30,08:31 AM,11:01 PM,06:21 AM,05:48 PM,-3,17,17,17,14,6,25,0.0,1019,17,10,87,12,california
2009-03-01 12:00:00,23,8,0.0,8.7,3,30,08:31 AM,11:01 PM,06:21 AM,05:48 PM,-4,22,22,23,11,5,16,0.0,1016,23,10,162,9,california
2009-03-01 15:00:00,23,8,0.0,8.7,3,30,08:31 AM,11:01 PM,06:21 AM,05:48 PM,-3,22,22,22,17,12,19,0.0,1016,22,10,217,12,california
2009-03-01 18:00:00,23,8,0.0,8.7,3,30,08:31 AM,11:01 PM,06:21 AM,05:48 PM,1,16,16,16,24,33,38,0.0,1017,16,10,256,12,california
2009-03-01 21:00:00,23,8,0.0,8.7,3,30,08:31 AM,11:01 PM,06:21 AM,05:48 PM,4,11,12,11,12,3,59,0.0,1019,12,10,296,6,california
2009-03-02 00:00:00,17,10,0.0,8.7,4,37,09:11 AM,No moonset,06:20 AM,05:49 PM,4,10,10,10,7,6,66,0.0,1017,10,10,344,3,california
2009-03-02 03:00:00,17,10,0.0,8.7,4,37,09:11 AM,No moonset,06:20 AM,05:49 PM,3,10,10,10,10,12,60,0.0,1017,10,10,192,5,california
2009-03-02 06:00:00,17,10,0.0,8.7,4,37,09:11 AM,No moonset,06:20 AM,05:49 PM,2,10,11,10,13,46,55,0.2,1017,11,5,273,6,california
2009-03-02 09:00:00,17,10,0.0,8.7,4,37,09:11 AM,No moonset,06:20 AM,05:49 PM,4,15,14,15,8,45,48,0.0,1018,14,10,355,6,california
2009-03-02 12:00:00,17,10,0.0,8.7,4,37,09:11 AM,No moonset,06:20 AM,05:49 PM,5,17,17,17,15,45,45,0.3,1017,17,5,253,13,california
2009-03-02 15:00:00,17,10,0.0,8.7,4,37,09:11 AM,No moonset,06:20 AM,05:49 PM,7,11,13,11,27,45,68,0.0,1018,13,10,216,16,california
2009-03-02 18:00:00,17,10,0.0,8.7,4,37,09:11 AM,No moonset,06:20 AM,05:49 PM,8,10,11,10,13,12,79,0.0,1018,11,10,251,8,california
2009-03-02 21:00:00,17,10,0.0,8.7,4,37,09:11 AM,No moonset,06:20 AM,05:49 PM,10,9,11,9,27,31,92,0.0,1018,11,10,254,15,california
2009-03-03 00:00:00,16,6,0.0,8.7,4,45,09:58 AM,12:09 AM,06:18 AM,05:50 PM,9,9,10,9,12,59,93,0.0,1018,10,10,251,8,california
2009-03-03 03:00:00,16,6,0.0,8.7,4,45,09:58 AM,12:09 AM,06:18 AM,05:50 PM,9,7,10,7,34,44,96,0.0,1018,10,10,248,21,california
2009-03-03 06:00:00,16,6,0.0,8.7,4,45,09:58 AM,12:09 AM,06:18 AM,05:50 PM,6,6,8,6,14,27,90,0.0,1019,8,10,258,9,california
2009-03-03 09:00:00,16,6,0.0,8.7,4,45,09:58 AM,12:09 AM,06:18 AM,05:50 PM,1,10,12,10,19,3,46,0.0,1019,12,10,245,16,california
2009-03-03 12:00:00,16,6,0.0,8.7,4,45,09:58 AM,12:09 AM,06:18 AM,05:50 PM,-2,16,16,16,18,2,29,0.0,1016,16,10,221,16,california
2009-03-03 15:00:00,16,6,0.0,8.7,4,45,09:58 AM,12:09 AM,06:18 AM,05:50 PM,-2,13,15,13,35,0,32,0.0,1014,15,10,240,27,california
2009-03-03 18:00:00,16,6,0.0,8.7,4,45,09:58 AM,12:09 AM,06:18 AM,05:50 PM,-1,7,9,7,24,0,51,0.0,1016,9,10,222,14,california
2009-03-03 21:00:00,16,6,0.0,8.7,4,45,09:58 AM,12:09 AM,06:18 AM,05:50 PM,1,3,7,3,27,0,66,0.0,1016,6,10,248,17,california
2009-03-04 00:00:00,7,4,0.0,4.3,3,52,10:55 AM,01:17 AM,06:17 AM,05:51 PM,0,2,5,2,19,5,74,0.0,1016,5,10,226,12,california
2009-03-04 03:00:00,7,4,0.0,4.3,3,52,10:55 AM,01:17 AM,06:17 AM,05:51 PM,1,-0,4,-0,32,13,81,0.0,1015,4,10,238,19,california
2009-03-04 06:00:00,7,4,0.0,4.3,3,52,10:55 AM,01:17 AM,06:17 AM,05:51 PM,2,1,4,1,17,36,86,0.3,1017,4,9,224,11,california
2009-03-04 09:00:00,7,4,0.0,4.3,3,52,10:55 AM,01:17 AM,06:17 AM,05:51 PM,3,3,6,3,18,73,85,0.0,1017,6,10,281,13,california
2009-03-04 12:00:00,7,4,0.0,4.3,3,52,10:55 AM,01:17 AM,06:17 AM,05:51 PM,4,5,7,5,14,67,82,0.5,1017,7,5,236,11,california
2009-03-04 15:00:00,7,4,0.0,4.3,3,52,10:55 AM,01:17 AM,06:17 AM,05:51 PM,5,3,7,3,30,84,84,0.0,1015,7,10,245,21,california
2009-03-04 18:00:00,7,4,0.0,4.3,3,52,10:55 AM,01:17 AM,06:17 AM,05:51 PM,4,3,6,3,19,75,85,1.2,1018,6,10,250,14,california
2009-03-04 21:00:00,7,4,0.0,4.3,3,52,10:55 AM,01:17 AM,06:17 AM,05:51 PM,3,1,5,1,26,26,89,0.0,1019,5,10,291,17,california
2009-03-05 00:00:00,11,0,0.0,8.7,3,59,12:00 PM,02:18 AM,06:16 AM,05:52 PM,1,-0,2,-0,16,9,88,0.0,1020,2,10,279,10,california
2009-03-05 03:00:00,11,0,0.0,8.7,3,59,12:00 PM,02:18 AM,06:16 AM,05:52 PM,-1,-2,1,-2,19,3,89,0.0,1020,1,10,278,10,california
2009-03-05 06:00:00,11,0,0.0,8.7,3,59,12:00 PM,02:18 AM,06:16 AM,05:52 PM,-3,-2,0,-2,13,0,77,0.0,1021,0,10,311,7,california
2009-03-05 09:00:00,11,0,0.0,8.7,3,59,12:00 PM,02:18 AM,06:16 AM,05:52 PM,-5,9,9,9,4,0,38,0.0,1021,9,10,206,4,california
2009-03-05 12:00:00,11,0,0.0,8.7,3,59,12:00 PM,02:18 AM,06:16 AM,05:52 PM,-6,10,11,10,12,0,28,0.0,1018,11,10,241,10,california
2009-03-05 15:00:00,11,0,0.0,8.7,3,59,12:00 PM,02:18 AM,06:16 AM,05:52 PM,-5,7,10,7,35,8,34,0.0,1016,10,10,271,28,california
2009-03-05 18:00:00,11,0,0.0,8.7,3,59,12:00 PM,02:18 AM,06:16 AM,05:52 PM,-4,2,5,2,19,14,54,0.0,1018,5,10,271,12,california
2009-03-05 21:00:00,11,0,0.0,8.7,3,59,12:00 PM,02:18 AM,06:16 AM,05:52 PM,-4,0,4,0,26,6,59,0.0,1019,4,10,286,14,california
2009-03-06 00:00:00,11,0,0.0,8.7,2,67,01:11 PM,03:13 AM,06:14 AM,05:52 PM,-5,-2,2,-2,19,4,60,0.0,1020,2,10,280,10,california
2009-03-06 03:00:00,11,0,0.0,8.7,2,67,01:11 PM,03:13 AM,06:14 AM,05:52 PM,-7,-3,1,-3,23,9,59,0.0,1019,0,10,283,13,california
2009-03-06 06:00:00,11,0,0.0,8.7,2,67,01:11 PM,03:13 AM,06:14 AM,05:52 PM,-9,-4,0,-4,21,44,50,0.0,1019,0,10,285,13,california
2009-03-06 09:00:00,11,0,0.0,8.7,2,67,01:11 PM,03:13 AM,06:14 AM,05:52 PM,-5,4,7,4,21,5,41,0.0,1018,7,10,277,18,california
2009-03-06 12:00:00,11,0,0.0,8.7,2,67,01:11 PM,03:13 AM,06:14 AM,05:52 PM,-5,8,11,8,20,3,32,0.0,1015,11,10,276,18,california
2009-03-06 15:00:00,11,0,0.0,8.7,2,67,01:11 PM,03:13 AM,06:14 AM,05:52 PM,-6,4,8,4,35,3,37,0.0,1014,8,10,282,31,california
2009-03-06 18:00:00,11,0,0.0,8.7,2,67,01:11 PM,03:13 AM,06:14 AM,05:52 PM,-4,0,4,0,24,2,58,0.0,1015,4,10,275,15,california
2009-03-06 21:00:00,11,0,0.0,8.7,2,67,01:11 PM,03:13 AM,06:14 AM,05:52 PM,-3,-2,2,-2,24,4,70,0.0,1017,2,10,286,14,california
2009-03-07 00:00:00,13,0,0.0,8.7,3,74,02:24 PM,03:59 AM,06:13 AM,05:53 PM,-3,-2,1,-2,18,4,75,0.0,1018,1,10,303,9,california
2009-03-07 03:00:00,13,0,0.0,8.7,3,74,02:24 PM,03:59 AM,06:13 AM,05:53 PM,-3,-3,0,-3,21,6,79,0.0,1019,0,10,274,10,california
2009-03-07 06:00:00,13,0,0.0,8.7,3,74,02:24 PM,03:59 AM,06:13 AM,05:53 PM,-3,-1,1,-1,11,7,74,0.0,1020,1,10,308,5,california
2009-03-07 09:00:00,13,0,0.0,8.7,3,74,02:24 PM,03:59 AM,06:13 AM,05:53 PM,-3,7,9,7,15,7,42,0.0,1020,9,10,80,13,california
2009-03-07 12:00:00,13,0,0.0,8.7,3,74,02:24 PM,03:59 AM,06:13 AM,05:53 PM,-5,12,13,12,8,3,29,0.0,1018,13,10,107,7,california
2009-03-07 15:00:00,13,0,0.0,8.7,3,74,02:24 PM,03:59 AM,06:13 AM,05:53 PM,-5,12,12,12,8,1,30,0.0,1016,12,10,131,7,california
2009-03-07 18:00:00,13,0,0.0,8.7,3,74,02:24 PM,03:59 AM,06:13 AM,05:53 PM,-5,5,5,5,5,2,51,0.0,1017,5,10,75,3,california
2009-03-07 21:00:00,13,0,0.0,8.7,3,74,02:24 PM,03:59 AM,06:13 AM,05:53 PM,-6,2,5,2,25,3,48,0.0,1018,5,10,110,12,california
2009-03-08 00:00:00,15,2,0.0,8.7,3,81,03:36 PM,04:38 AM,06:12 AM,05:54 PM,-8,1,3,1,13,3,44,0.0,1018,2,10,49,6,california
2009-03-08 03:00:00,15,2,0.0,8.7,3,81,03:36 PM,04:38 AM,06:12 AM,05:54 PM,-9,-2,2,-2,26,2,42,0.0,1017,2,10,117,12,california
2009-03-08 06:00:00,15,2,0.0,8.7,3,81,03:36 PM,04:38 AM,06:12 AM,05:54 PM,-10,0,2,0,14,2,40,0.0,1017,2,10,9,6,california
2009-03-08 09:00:00,15,2,0.0,8.7,3,81,03:36 PM,04:38 AM,06:12 AM,05:54 PM,-8,9,10,9,13,0,27,0.0,1016,10,10,122,11,california
2009-03-08 12:00:00,15,2,0.0,8.7,3,81,03:36 PM,04:38 AM,06:12 AM,05:54 PM,-5,15,15,15,10,0,24,0.0,1013,15,10,218,8,california
2009-03-08 15:00:00,15,2,0.0,8.7,3,81,03:36 PM,04:38 AM,06:12 AM,05:54 PM,-3,13,14,13,20,2,30,0.0,1012,14,10,243,17,california
2009-03-08 18:00:00,15,2,0.0,8.7,3,81,03:36 PM,04:38 AM,06:12 AM,05:54 PM,-0,6,8,6,21,3,55,0.0,1012,8,10,251,12,california
2009-03-08 21:00:00,15,2,0.0,8.7,3,81,03:36 PM,04:38 AM,06:12 AM,05:54 PM,-0,3,6,3,26,8,65,0.0,1013,6,10,263,13,california
2009-03-09 00:00:00,12,3,0.0,8.7,3,88,04:46 PM,05:12 AM,06:10 AM,05:55 PM,-1,1,4,1,22,19,69,0.0,1013,4,10,246,12,california
2009-03-09 03:00:00,12,3,0.0,8.7,3,88,04:46 PM,05:12 AM,06:10 AM,05:55 PM,1,1,5,1,40,29,73,0.0,1013,5,10,262,25,california
2009-03-09 06:00:00,12,3,0.0,8.7,3,88,04:46 PM,05:12 AM,06:10 AM,05:55 PM,1,2,5,2,22,91,77,0.1,1014,5,10,256,15,california
2009-03-09 09:00:00,12,3,0.0,8.7,3,88,04:46 PM,05:12 AM,06:10 AM,05:55 PM,2,5,9,5,26,30,62,0.0,1013,9,10,254,23,california
2009-03-09 12:00:00,12,3,0.0,8.7,3,88,04:46 PM,05:12 AM,06:10 AM,05:55 PM,-1,9,12,9,27,9,42,0.0,1012,12,10,251,23,california
2009-03-09 15:00:00,12,3,0.0,8.7,3,88,04:46 PM,05:12 AM,06:10 AM,05:55 PM,-1,7,10,7,36,0,44,0.0,1011,10,10,265,28,california
2009-03-09 18:00:00,12,3,0.0,8.7,3,88,04:46 PM,05:12 AM,06:10 AM,05:55 PM,-7,2,6,2,25,0,40,0.0,1015,6,10,269,16,california
2009-03-09 21:00:00,12,3,0.0,8.7,3,88,04:46 PM,05:12 AM,06:10 AM,05:55 PM,-9,-2,3,-2,32,0,41,0.0,1018,3,10,272,19,california
2009-03-10 00:00:00,14,-1,0.0,8.7,3,96,05:54 PM,05:42 AM,06:09 AM,05:56 PM,-12,-3,0,-3,18,0,40,0.0,1019,0,10,286,10,california
2009-03-10 03:00:00,14,-1,0.0,8.7,3,96,05:54 PM,05:42 AM,06:09 AM,05:56 PM,-13,-3,-1,-3,9,0,40,0.0,1020,-1,10,312,4,california
2009-03-10 06:00:00,14,-1,0.0,8.7,3,96,05:54 PM,05:42 AM,06:09 AM,05:56 PM,-14,-2,0,-2,15,0,34,0.0,1021,0,10,354,7,california
2009-03-10 09:00:00,14,-1,0.0,8.7,3,96,05:54 PM,05:42 AM,06:09 AM,05:56 PM,-10,7,9,7,14,0,26,0.0,1020,9,10,77,12,california
2009-03-10 12:00:00,14,-1,0.0,8.7,3,96,05:54 PM,05:42 AM,06:09 AM,05:56 PM,-9,13,14,13,12,0,20,0.0,1017,14,10,87,10,california
2009-03-10 15:00:00,14,-1,0.0,8.7,3,96,05:54 PM,05:42 AM,06:09 AM,05:56 PM,-8,13,14,13,9,0,21,0.0,1015,14,10,92,8,california
2009-03-10 18:00:00,14,-1,0.0,8.7,3,96,05:54 PM,05:42 AM,06:09 AM,05:56 PM,-8,4,5,4,8,0,38,0.0,1016,5,10,50,4,california
2009-03-10 21:00:00,14,-1,0.0,8.7,3,96,05:54 PM,05:42 AM,06:09 AM,05:56 PM,-9,1,3,1,11,0,43,0.0,1017,3,10,89,5,california
2009-03-11 00:00:00,16,1,0.0,7.2,3,100,07:00 PM,06:11 AM,06:08 AM,05:57 PM,-9,0,2,0,10,0,45,0.0,1017,2,10,19,5,california
2009-03-11 03:00:00,16,1,0.0,7.2,3,100,07:00 PM,06:11 AM,06:08 AM,05:57 PM,-8,-1,1,-1,14,1,49,0.0,1017,1,10,336,7,california
2009-03-11 06:00:00,16,1,0.0,7.2,3,100,07:00 PM,06:11 AM,06:08 AM,05:57 PM,-9,1,3,1,13,3,41,0.0,1018,3,10,6,6,california
2009-03-11 09:00:00,16,1,0.0,7.2,3,100,07:00 PM,06:11 AM,06:08 AM,05:57 PM,-8,10,11,10,15,3,25,0.0,1017,11,10,94,13,california
2009-03-11 12:00:00,16,1,0.0,7.2,3,100,07:00 PM,06:11 AM,06:08 AM,05:57 PM,-5,16,16,16,8,66,23,0.0,1014,16,10,135,7,california
2009-03-11 15:00:00,16,1,0.0,7.2,3,100,07:00 PM,06:11 AM,06:08 AM,05:57 PM,-4,14,14,14,6,8,29,0.0,1014,14,10,173,5,california
2009-03-11 18:00:00,16,1,0.0,7.2,3,100,07:00 PM,06:11 AM,06:08 AM,05:57 PM,-0,7,8,7,17,8,56,0.0,1015,8,10,238,8,california
2009-03-11 21:00:00,16,1,0.0,7.2,3,100,07:00 PM,06:11 AM,06:08 AM,05:57 PM,1,3,6,3,20,4,70,0.0,1017,6,10,252,10,california
